Model,Bal Acc,F1 (Anomaly),ROC-AUC,Dataset,Test Condition
Isolation Forest,0.5,0.9655172413793104,0.9644642857142858,CWRU_12k,Load_0HP
One-Class SVM,0.5,0.9655172413793104,0.9249999999999999,CWRU_12k,Load_0HP
AE (Média + 2σ),0.5,0.9655172413793104,1.0,CWRU_12k,Load_0HP
AE (Percentil 99),0.5,0.9655172413793104,1.0,CWRU_12k,Load_0HP
AE (Mediana + 3*MAD),0.5,0.9655172413793104,1.0,CWRU_12k,Load_0HP
Isolation Forest,1.0,1.0,1.0,CWRU_12k,Load_1HP
One-Class SVM,0.5,0.9333333333333333,1.0,CWRU_12k,Load_1HP
AE (Média + 2σ),0.5,0.9333333333333333,1.0,CWRU_12k,Load_1HP
AE (Percentil 99),0.7,0.958904109589041,1.0,CWRU_12k,Load_1HP
AE (Mediana + 3*MAD),0.5,0.9333333333333333,1.0,CWRU_12k,Load_1HP
Isolation Forest,1.0,1.0,1.0,CWRU_12k,Load_2HP
One-Class SVM,0.84375,0.9781659388646288,1.0,CWRU_12k,Load_2HP
AE (Média + 2σ),0.98125,0.9973285841495992,1.0,CWRU_12k,Load_2HP
AE (Percentil 99),0.98125,0.9973285841495992,1.0,CWRU_12k,Load_2HP
AE (Mediana + 3*MAD),0.9625,0.9946714031971581,1.0,CWRU_12k,Load_2HP
Isolation Forest,0.95625,0.9937888198757764,1.0,CWRU_12k,Load_3HP
One-Class SVM,0.5,0.9333333333333333,1.0,CWRU_12k,Load_3HP
AE (Média + 2σ),0.5875,0.9443507588532883,1.0,CWRU_12k,Load_3HP
AE (Percentil 99),0.68125,0.9564474807856533,1.0,CWRU_12k,Load_3HP
AE (Mediana + 3*MAD),0.5375,0.9380234505862647,1.0,CWRU_12k,Load_3HP
Isolation Forest,0.75,0.6666666666666666,0.52,HUST_Gearbox,Cond_20_0
One-Class SVM,0.5,0.8,0.5549999999999999,HUST_Gearbox,Cond_20_0
AE (Média + 2σ),0.75,0.6666666666666666,0.5,HUST_Gearbox,Cond_20_0
AE (Percentil 99),0.75,0.6666666666666666,0.5,HUST_Gearbox,Cond_20_0
AE (Mediana + 3*MAD),0.4,0.5405405405405406,0.5,HUST_Gearbox,Cond_20_0
Isolation Forest,0.75,0.6666666666666666,0.99,HUST_Gearbox,Cond_20_1
One-Class SVM,0.925,0.918918918918919,1.0,HUST_Gearbox,Cond_20_1
AE (Média + 2σ),0.75,0.6666666666666666,0.99,HUST_Gearbox,Cond_20_1
AE (Percentil 99),0.75,0.6666666666666666,0.99,HUST_Gearbox,Cond_20_1
AE (Mediana + 3*MAD),0.75,0.6666666666666666,0.99,HUST_Gearbox,Cond_20_1
Isolation Forest,0.75,0.6666666666666666,1.0,HUST_Gearbox,Cond_20_2
One-Class SVM,0.75,0.6666666666666666,1.0,HUST_Gearbox,Cond_20_2
AE (Média + 2σ),0.75,0.6666666666666666,0.98,HUST_Gearbox,Cond_20_2
AE (Percentil 99),0.75,0.6666666666666666,0.98,HUST_Gearbox,Cond_20_2
AE (Mediana + 3*MAD),0.75,0.6666666666666666,0.98,HUST_Gearbox,Cond_20_2
Isolation Forest,0.75,0.6666666666666666,0.9249999999999999,HUST_Gearbox,Cond_20_3
One-Class SVM,0.5,0.5714285714285714,0.56,HUST_Gearbox,Cond_20_3
AE (Média + 2σ),0.75,0.6666666666666666,0.605,HUST_Gearbox,Cond_20_3
AE (Percentil 99),0.75,0.6666666666666666,0.605,HUST_Gearbox,Cond_20_3
AE (Mediana + 3*MAD),0.75,0.6666666666666666,0.605,HUST_Gearbox,Cond_20_3
Isolation Forest,0.75,0.6666666666666666,1.0,HUST_Gearbox,Cond_20_4
One-Class SVM,0.575,0.8085106382978723,0.865,HUST_Gearbox,Cond_20_4
AE (Média + 2σ),0.75,0.6666666666666666,1.0,HUST_Gearbox,Cond_20_4
AE (Percentil 99),0.75,0.6666666666666666,1.0,HUST_Gearbox,Cond_20_4
AE (Mediana + 3*MAD),0.925,0.918918918918919,1.0,HUST_Gearbox,Cond_20_4
Isolation Forest,0.75,0.6666666666666666,1.0,HUST_Gearbox,Cond_25_0
One-Class SVM,1.0,1.0,1.0,HUST_Gearbox,Cond_25_0
AE (Média + 2σ),0.75,0.6666666666666666,1.0,HUST_Gearbox,Cond_25_0
AE (Percentil 99),0.75,0.6666666666666666,1.0,HUST_Gearbox,Cond_25_0
AE (Mediana + 3*MAD),0.75,0.6666666666666666,1.0,HUST_Gearbox,Cond_25_0
Isolation Forest,0.75,0.6666666666666666,1.0,HUST_Gearbox,Cond_25_1
One-Class SVM,1.0,1.0,1.0,HUST_Gearbox,Cond_25_1
AE (Média + 2σ),0.75,0.6666666666666666,1.0,HUST_Gearbox,Cond_25_1
AE (Percentil 99),0.75,0.6666666666666666,1.0,HUST_Gearbox,Cond_25_1
AE (Mediana + 3*MAD),0.75,0.6666666666666666,1.0,HUST_Gearbox,Cond_25_1
Isolation Forest,0.75,0.6666666666666666,1.0,HUST_Gearbox,Cond_25_2
One-Class SVM,0.9,0.8888888888888888,1.0,HUST_Gearbox,Cond_25_2
AE (Média + 2σ),0.75,0.6666666666666666,1.0,HUST_Gearbox,Cond_25_2
AE (Percentil 99),0.75,0.6666666666666666,1.0,HUST_Gearbox,Cond_25_2
AE (Mediana + 3*MAD),0.775,0.7096774193548387,1.0,HUST_Gearbox,Cond_25_2
Isolation Forest,0.75,0.6666666666666666,0.5,HUST_Gearbox,Cond_25_3
One-Class SVM,0.75,0.6666666666666666,0.555,HUST_Gearbox,Cond_25_3
AE (Média + 2σ),0.75,0.6666666666666666,0.52,HUST_Gearbox,Cond_25_3
AE (Percentil 99),0.75,0.6666666666666666,0.52,HUST_Gearbox,Cond_25_3
AE (Mediana + 3*MAD),0.75,0.6666666666666666,0.52,HUST_Gearbox,Cond_25_3
Isolation Forest,0.75,0.6666666666666666,0.995,HUST_Gearbox,Cond_25_4
One-Class SVM,0.75,0.6666666666666666,0.995,HUST_Gearbox,Cond_25_4
AE (Média + 2σ),0.75,0.6666666666666666,0.9850000000000001,HUST_Gearbox,Cond_25_4
AE (Percentil 99),0.75,0.6666666666666666,0.9850000000000001,HUST_Gearbox,Cond_25_4
AE (Mediana + 3*MAD),0.75,0.6666666666666666,0.9850000000000001,HUST_Gearbox,Cond_25_4
Isolation Forest,0.75,0.6666666666666666,0.99,HUST_Gearbox,Cond_30_0
One-Class SVM,1.0,1.0,1.0,HUST_Gearbox,Cond_30_0
AE (Média + 2σ),0.75,0.6666666666666666,1.0,HUST_Gearbox,Cond_30_0
AE (Percentil 99),0.75,0.6666666666666666,1.0,HUST_Gearbox,Cond_30_0
AE (Mediana + 3*MAD),1.0,1.0,1.0,HUST_Gearbox,Cond_30_0
Isolation Forest,0.75,0.6666666666666666,0.9750000000000001,HUST_Gearbox,Cond_30_1
One-Class SVM,0.975,0.9743589743589743,1.0,HUST_Gearbox,Cond_30_1
AE (Média + 2σ),0.75,0.6666666666666666,1.0,HUST_Gearbox,Cond_30_1
AE (Percentil 99),0.75,0.6666666666666666,1.0,HUST_Gearbox,Cond_30_1
AE (Mediana + 3*MAD),0.975,0.9743589743589743,1.0,HUST_Gearbox,Cond_30_1
Isolation Forest,0.75,0.6666666666666666,0.9849999999999999,HUST_Gearbox,Cond_30_2
One-Class SVM,1.0,1.0,1.0,HUST_Gearbox,Cond_30_2
AE (Média + 2σ),0.75,0.6666666666666666,1.0,HUST_Gearbox,Cond_30_2
AE (Percentil 99),0.75,0.6666666666666666,1.0,HUST_Gearbox,Cond_30_2
AE (Mediana + 3*MAD),0.925,0.918918918918919,1.0,HUST_Gearbox,Cond_30_2
Isolation Forest,0.75,0.6666666666666666,0.97,HUST_Gearbox,Cond_30_3
One-Class SVM,1.0,1.0,1.0,HUST_Gearbox,Cond_30_3
AE (Média + 2σ),0.75,0.6666666666666666,1.0,HUST_Gearbox,Cond_30_3
AE (Percentil 99),0.75,0.6666666666666666,1.0,HUST_Gearbox,Cond_30_3
AE (Mediana + 3*MAD),1.0,1.0,1.0,HUST_Gearbox,Cond_30_3
Isolation Forest,0.75,0.6666666666666666,0.7649999999999999,HUST_Gearbox,Cond_30_4
One-Class SVM,0.5,0.8,0.8049999999999999,HUST_Gearbox,Cond_30_4
AE (Média + 2σ),0.75,0.6666666666666666,0.825,HUST_Gearbox,Cond_30_4
AE (Percentil 99),0.75,0.6666666666666666,0.825,HUST_Gearbox,Cond_30_4
AE (Mediana + 3*MAD),0.5,0.7659574468085106,0.825,HUST_Gearbox,Cond_30_4
Isolation Forest,0.75,0.6666666666666666,0.5,HUST_Gearbox,Cond_35_0
One-Class SVM,0.5,0.8,0.82,HUST_Gearbox,Cond_35_0
AE (Média + 2σ),0.75,0.6666666666666666,0.895,HUST_Gearbox,Cond_35_0
AE (Percentil 99),0.75,0.6666666666666666,0.895,HUST_Gearbox,Cond_35_0
AE (Mediana + 3*MAD),0.8500000000000001,0.8648648648648649,0.895,HUST_Gearbox,Cond_35_0
Isolation Forest,0.75,0.6666666666666666,0.5750000000000001,HUST_Gearbox,Cond_35_1
One-Class SVM,1.0,1.0,1.0,HUST_Gearbox,Cond_35_1
AE (Média + 2σ),0.75,0.6666666666666666,1.0,HUST_Gearbox,Cond_35_1
AE (Percentil 99),0.75,0.6666666666666666,1.0,HUST_Gearbox,Cond_35_1
AE (Mediana + 3*MAD),0.975,0.9743589743589743,1.0,HUST_Gearbox,Cond_35_1
Isolation Forest,0.75,0.6666666666666666,0.8899999999999999,HUST_Gearbox,Cond_35_2
One-Class SVM,1.0,1.0,1.0,HUST_Gearbox,Cond_35_2
AE (Média + 2σ),0.75,0.6666666666666666,1.0,HUST_Gearbox,Cond_35_2
AE (Percentil 99),0.75,0.6666666666666666,1.0,HUST_Gearbox,Cond_35_2
AE (Mediana + 3*MAD),1.0,1.0,1.0,HUST_Gearbox,Cond_35_2
Isolation Forest,0.75,0.6666666666666666,0.595,HUST_Gearbox,Cond_35_3
One-Class SVM,0.975,0.9743589743589743,1.0,HUST_Gearbox,Cond_35_3
AE (Média + 2σ),0.75,0.6666666666666666,1.0,HUST_Gearbox,Cond_35_3
AE (Percentil 99),0.75,0.6666666666666666,1.0,HUST_Gearbox,Cond_35_3
AE (Mediana + 3*MAD),0.825,0.7878787878787878,1.0,HUST_Gearbox,Cond_35_3
Isolation Forest,0.5,0.5714285714285714,0.51,HUST_Gearbox,Cond_35_4
One-Class SVM,0.35,0.6363636363636364,0.425,HUST_Gearbox,Cond_35_4
AE (Média + 2σ),0.25,0.5,0.41000000000000003,HUST_Gearbox,Cond_35_4
AE (Percentil 99),0.3,0.5128205128205128,0.41000000000000003,HUST_Gearbox,Cond_35_4
AE (Mediana + 3*MAD),0.425,0.723404255319149,0.41000000000000003,HUST_Gearbox,Cond_35_4
Isolation Forest,0.75,0.6666666666666666,0.5,HUST_Gearbox,Cond_40_0
One-Class SVM,0.925,0.95,0.9850000000000001,HUST_Gearbox,Cond_40_0
AE (Média + 2σ),0.75,0.6666666666666666,0.9849999999999999,HUST_Gearbox,Cond_40_0
AE (Percentil 99),0.75,0.6666666666666666,0.9849999999999999,HUST_Gearbox,Cond_40_0
AE (Mediana + 3*MAD),0.925,0.95,0.9849999999999999,HUST_Gearbox,Cond_40_0
Isolation Forest,0.75,0.6666666666666666,0.9099999999999999,HUST_Gearbox,Cond_40_1
One-Class SVM,0.95,0.975609756097561,1.0,HUST_Gearbox,Cond_40_1
AE (Média + 2σ),0.75,0.6666666666666666,1.0,HUST_Gearbox,Cond_40_1
AE (Percentil 99),0.75,0.6666666666666666,1.0,HUST_Gearbox,Cond_40_1
AE (Mediana + 3*MAD),0.95,0.975609756097561,1.0,HUST_Gearbox,Cond_40_1
Isolation Forest,0.75,0.6666666666666666,0.5549999999999999,HUST_Gearbox,Cond_40_2
One-Class SVM,0.6,0.8333333333333334,0.79,HUST_Gearbox,Cond_40_2
AE (Média + 2σ),0.7,0.6451612903225806,0.73,HUST_Gearbox,Cond_40_2
AE (Percentil 99),0.75,0.6666666666666666,0.73,HUST_Gearbox,Cond_40_2
AE (Mediana + 3*MAD),0.6,0.8333333333333334,0.73,HUST_Gearbox,Cond_40_2
Isolation Forest,0.75,0.6666666666666666,0.7450000000000001,HUST_Gearbox,Cond_40_3
One-Class SVM,0.95,0.975609756097561,1.0,HUST_Gearbox,Cond_40_3
AE (Média + 2σ),0.75,0.6666666666666666,1.0,HUST_Gearbox,Cond_40_3
AE (Percentil 99),0.75,0.6666666666666666,1.0,HUST_Gearbox,Cond_40_3
AE (Mediana + 3*MAD),1.0,1.0,1.0,HUST_Gearbox,Cond_40_3
Isolation Forest,0.75,0.6666666666666666,0.585,HUST_Gearbox,Cond_40_4
One-Class SVM,0.55,0.8163265306122449,0.6,HUST_Gearbox,Cond_40_4
AE (Média + 2σ),0.55,0.5882352941176471,0.63,HUST_Gearbox,Cond_40_4
AE (Percentil 99),0.6,0.6060606060606061,0.63,HUST_Gearbox,Cond_40_4
AE (Mediana + 3*MAD),0.6,0.8333333333333334,0.63,HUST_Gearbox,Cond_40_4
Isolation Forest,0.725,0.6206896551724138,1.0,HUST_Gearbox,Cond_L0_VS_0_40_0
One-Class SVM,0.75,0.8888888888888888,1.0,HUST_Gearbox,Cond_L0_VS_0_40_0
AE (Média + 2σ),0.95,0.9473684210526315,1.0,HUST_Gearbox,Cond_L0_VS_0_40_0
AE (Percentil 99),0.7,0.5714285714285714,1.0,HUST_Gearbox,Cond_L0_VS_0_40_0
AE (Mediana + 3*MAD),0.85,0.9302325581395349,1.0,HUST_Gearbox,Cond_L0_VS_0_40_0
Isolation Forest,0.65,0.46153846153846156,1.0,HUST_Gearbox,Cond_L1_VS_0_40_0
One-Class SVM,1.0,1.0,1.0,HUST_Gearbox,Cond_L1_VS_0_40_0
AE (Média + 2σ),0.825,0.7878787878787878,1.0,HUST_Gearbox,Cond_L1_VS_0_40_0
AE (Percentil 99),0.75,0.6666666666666666,1.0,HUST_Gearbox,Cond_L1_VS_0_40_0
AE (Mediana + 3*MAD),0.9,0.9523809523809523,1.0,HUST_Gearbox,Cond_L1_VS_0_40_0
Isolation Forest,0.7,0.5714285714285714,1.0,HUST_Gearbox,Cond_L2_VS_0_40_0
One-Class SVM,0.75,0.8888888888888888,1.0,HUST_Gearbox,Cond_L2_VS_0_40_0
AE (Média + 2σ),0.95,0.9473684210526315,1.0,HUST_Gearbox,Cond_L2_VS_0_40_0
AE (Percentil 99),0.775,0.7096774193548387,1.0,HUST_Gearbox,Cond_L2_VS_0_40_0
AE (Mediana + 3*MAD),0.75,0.8888888888888888,1.0,HUST_Gearbox,Cond_L2_VS_0_40_0
Isolation Forest,0.825,0.7878787878787878,0.99,HUST_Gearbox,Cond_L3_VS_0_40_0
One-Class SVM,0.7,0.8695652173913043,0.995,HUST_Gearbox,Cond_L3_VS_0_40_0
AE (Média + 2σ),0.85,0.9302325581395349,0.9249999999999999,HUST_Gearbox,Cond_L3_VS_0_40_0
AE (Percentil 99),0.825,0.9047619047619048,0.9249999999999999,HUST_Gearbox,Cond_L3_VS_0_40_0
AE (Mediana + 3*MAD),0.65,0.851063829787234,0.9249999999999999,HUST_Gearbox,Cond_L3_VS_0_40_0
Isolation Forest,0.75,0.6666666666666666,1.0,HUST_Gearbox,Cond_L4_VS_0_40_0
One-Class SVM,0.55,0.8163265306122449,1.0,HUST_Gearbox,Cond_L4_VS_0_40_0
AE (Média + 2σ),0.975,0.9743589743589743,1.0,HUST_Gearbox,Cond_L4_VS_0_40_0
AE (Percentil 99),0.875,0.8571428571428571,1.0,HUST_Gearbox,Cond_L4_VS_0_40_0
AE (Mediana + 3*MAD),0.5,0.8,1.0,HUST_Gearbox,Cond_L4_VS_0_40_0
Isolation Forest,0.6357142857142857,0.42696629213483145,0.56,UOEMD,Load_Loaded_Speed_15Hz
One-Class SVM,0.5,0.9333333333333333,1.0,UOEMD,Load_Loaded_Speed_15Hz
AE (Média + 2σ),0.9357142857142857,0.9312977099236641,1.0,UOEMD,Load_Loaded_Speed_15Hz
AE (Percentil 99),0.8,0.75,1.0,UOEMD,Load_Loaded_Speed_15Hz
AE (Mediana + 3*MAD),1.0,1.0,1.0,UOEMD,Load_Loaded_Speed_15Hz
Isolation Forest,1.0,1.0,1.0,UOEMD,Load_Loaded_Speed_30Hz
One-Class SVM,1.0,1.0,1.0,UOEMD,Load_Loaded_Speed_30Hz
AE (Média + 2σ),1.0,1.0,1.0,UOEMD,Load_Loaded_Speed_30Hz
AE (Percentil 99),0.95,0.9473684210526315,1.0,UOEMD,Load_Loaded_Speed_30Hz
AE (Mediana + 3*MAD),1.0,1.0,1.0,UOEMD,Load_Loaded_Speed_30Hz
Isolation Forest,1.0,1.0,1.0,UOEMD,Load_Loaded_Speed_45Hz
One-Class SVM,0.5,0.9333333333333333,1.0,UOEMD,Load_Loaded_Speed_45Hz
AE (Média + 2σ),0.5,0.9333333333333333,1.0,UOEMD,Load_Loaded_Speed_45Hz
AE (Percentil 99),0.95,0.9929078014184397,1.0,UOEMD,Load_Loaded_Speed_45Hz
AE (Mediana + 3*MAD),0.5,0.9333333333333333,1.0,UOEMD,Load_Loaded_Speed_45Hz
Isolation Forest,0.95,0.9929078014184397,1.0,UOEMD,Load_Loaded_Speed_60Hz
One-Class SVM,0.95,0.9929078014184397,1.0,UOEMD,Load_Loaded_Speed_60Hz
AE (Média + 2σ),1.0,1.0,1.0,UOEMD,Load_Loaded_Speed_60Hz
AE (Percentil 99),1.0,1.0,1.0,UOEMD,Load_Loaded_Speed_60Hz
AE (Mediana + 3*MAD),1.0,1.0,1.0,UOEMD,Load_Loaded_Speed_60Hz
Isolation Forest,0.9214285714285715,0.9147286821705426,0.9828571428571429,UOEMD,Load_Loaded_Speed_Dec_45_to_15Hz
One-Class SVM,0.75,0.9655172413793104,1.0,UOEMD,Load_Loaded_Speed_Dec_45_to_15Hz
AE (Média + 2σ),0.9428571428571428,0.9857142857142858,0.9842857142857143,UOEMD,Load_Loaded_Speed_Dec_45_to_15Hz
AE (Percentil 99),0.9642857142857143,0.9629629629629629,0.9842857142857143,UOEMD,Load_Loaded_Speed_Dec_45_to_15Hz
AE (Mediana + 3*MAD),0.6428571428571429,0.9452054794520548,0.9842857142857143,UOEMD,Load_Loaded_Speed_Dec_45_to_15Hz
Isolation Forest,0.9928571428571429,0.9928057553956835,1.0,UOEMD,Load_Loaded_Speed_Dec_60_to_30Hz
One-Class SVM,0.7,0.958904109589041,1.0,UOEMD,Load_Loaded_Speed_Dec_60_to_30Hz
AE (Média + 2σ),0.9,0.9859154929577465,1.0,UOEMD,Load_Loaded_Speed_Dec_60_to_30Hz
AE (Percentil 99),1.0,1.0,1.0,UOEMD,Load_Loaded_Speed_Dec_60_to_30Hz
AE (Mediana + 3*MAD),0.8,0.9722222222222222,1.0,UOEMD,Load_Loaded_Speed_Dec_60_to_30Hz
Isolation Forest,0.9142857142857144,0.9558823529411765,0.9842857142857142,UOEMD,Load_Loaded_Speed_Inc_15_to_45Hz
One-Class SVM,0.85,0.9790209790209791,1.0,UOEMD,Load_Loaded_Speed_Inc_15_to_45Hz
AE (Média + 2σ),0.95,0.9929078014184397,1.0,UOEMD,Load_Loaded_Speed_Inc_15_to_45Hz
AE (Percentil 99),0.9928571428571429,0.9928057553956835,1.0,UOEMD,Load_Loaded_Speed_Inc_15_to_45Hz
AE (Mediana + 3*MAD),0.85,0.9790209790209791,1.0,UOEMD,Load_Loaded_Speed_Inc_15_to_45Hz
Isolation Forest,0.9,0.9859154929577465,1.0,UOEMD,Load_Loaded_Speed_Inc_30_to_60Hz
One-Class SVM,0.65,0.9523809523809523,1.0,UOEMD,Load_Loaded_Speed_Inc_30_to_60Hz
AE (Média + 2σ),0.9,0.9859154929577465,1.0,UOEMD,Load_Loaded_Speed_Inc_30_to_60Hz
AE (Percentil 99),1.0,1.0,1.0,UOEMD,Load_Loaded_Speed_Inc_30_to_60Hz
AE (Mediana + 3*MAD),0.85,0.9790209790209791,1.0,UOEMD,Load_Loaded_Speed_Inc_30_to_60Hz
Isolation Forest,0.6714285714285715,0.6078431372549019,0.6614285714285715,UOEMD,Load_No_Load_Speed_15Hz
One-Class SVM,0.5,0.9333333333333333,0.9028571428571428,UOEMD,Load_No_Load_Speed_15Hz
AE (Média + 2σ),0.7785714285714285,0.9022556390977443,0.8785714285714286,UOEMD,Load_No_Load_Speed_15Hz
AE (Percentil 99),0.75,0.7433628318584071,0.8785714285714286,UOEMD,Load_No_Load_Speed_15Hz
AE (Mediana + 3*MAD),0.6,0.9459459459459459,0.8785714285714286,UOEMD,Load_No_Load_Speed_15Hz
Isolation Forest,0.9357142857142857,0.9312977099236641,1.0,UOEMD,Load_No_Load_Speed_30Hz
One-Class SVM,1.0,1.0,1.0,UOEMD,Load_No_Load_Speed_30Hz
AE (Média + 2σ),0.9714285714285714,0.9705882352941176,1.0,UOEMD,Load_No_Load_Speed_30Hz
AE (Percentil 99),0.9428571428571428,0.9393939393939394,1.0,UOEMD,Load_No_Load_Speed_30Hz
AE (Mediana + 3*MAD),1.0,1.0,1.0,UOEMD,Load_No_Load_Speed_30Hz
Isolation Forest,1.0,1.0,1.0,UOEMD,Load_No_Load_Speed_45Hz
One-Class SVM,0.65,0.9523809523809523,1.0,UOEMD,Load_No_Load_Speed_45Hz
AE (Média + 2σ),1.0,1.0,1.0,UOEMD,Load_No_Load_Speed_45Hz
AE (Percentil 99),1.0,1.0,1.0,UOEMD,Load_No_Load_Speed_45Hz
AE (Mediana + 3*MAD),1.0,1.0,1.0,UOEMD,Load_No_Load_Speed_45Hz
Isolation Forest,1.0,1.0,1.0,UOEMD,Load_No_Load_Speed_60Hz
One-Class SVM,0.95,0.9929078014184397,1.0,UOEMD,Load_No_Load_Speed_60Hz
AE (Média + 2σ),1.0,1.0,1.0,UOEMD,Load_No_Load_Speed_60Hz
AE (Percentil 99),1.0,1.0,1.0,UOEMD,Load_No_Load_Speed_60Hz
AE (Mediana + 3*MAD),1.0,1.0,1.0,UOEMD,Load_No_Load_Speed_60Hz
Isolation Forest,0.8357142857142857,0.864,0.8885714285714286,UOEMD,Load_No_Load_Speed_Dec_45_to_15Hz
One-Class SVM,0.75,0.9655172413793104,1.0,UOEMD,Load_No_Load_Speed_Dec_45_to_15Hz
AE (Média + 2σ),0.8357142857142856,0.9645390070921985,0.9857142857142857,UOEMD,Load_No_Load_Speed_Dec_45_to_15Hz
AE (Percentil 99),0.9571428571428571,0.9552238805970149,0.9857142857142857,UOEMD,Load_No_Load_Speed_Dec_45_to_15Hz
AE (Mediana + 3*MAD),0.75,0.9655172413793104,0.9857142857142857,UOEMD,Load_No_Load_Speed_Dec_45_to_15Hz
Isolation Forest,0.9714285714285714,0.9705882352941176,1.0,UOEMD,Load_No_Load_Speed_Dec_60_to_30Hz
One-Class SVM,0.8,0.9722222222222222,1.0,UOEMD,Load_No_Load_Speed_Dec_60_to_30Hz
AE (Média + 2σ),0.9785714285714286,0.9781021897810219,1.0,UOEMD,Load_No_Load_Speed_Dec_60_to_30Hz
AE (Percentil 99),0.9785714285714286,0.9781021897810219,1.0,UOEMD,Load_No_Load_Speed_Dec_60_to_30Hz
AE (Mediana + 3*MAD),1.0,1.0,1.0,UOEMD,Load_No_Load_Speed_Dec_60_to_30Hz
Isolation Forest,0.8642857142857143,0.8992248062015504,0.952857142857143,UOEMD,Load_No_Load_Speed_Inc_15_to_45Hz
One-Class SVM,0.65,0.9523809523809523,0.9885714285714285,UOEMD,Load_No_Load_Speed_Inc_15_to_45Hz
AE (Média + 2σ),0.7428571428571429,0.9583333333333334,0.9714285714285714,UOEMD,Load_No_Load_Speed_Inc_15_to_45Hz
AE (Percentil 99),0.7857142857142857,0.9577464788732394,0.9714285714285714,UOEMD,Load_No_Load_Speed_Inc_15_to_45Hz
AE (Mediana + 3*MAD),0.65,0.9523809523809523,0.9714285714285714,UOEMD,Load_No_Load_Speed_Inc_15_to_45Hz
Isolation Forest,1.0,1.0,1.0,UOEMD,Load_No_Load_Speed_Inc_30_to_60Hz
One-Class SVM,0.65,0.9523809523809523,0.9942857142857143,UOEMD,Load_No_Load_Speed_Inc_30_to_60Hz
AE (Média + 2σ),0.95,0.9929078014184397,0.9928571428571429,UOEMD,Load_No_Load_Speed_Inc_30_to_60Hz
AE (Percentil 99),0.95,0.9929078014184397,0.9928571428571429,UOEMD,Load_No_Load_Speed_Inc_30_to_60Hz
AE (Mediana + 3*MAD),0.95,0.9929078014184397,0.9928571428571429,UOEMD,Load_No_Load_Speed_Inc_30_to_60Hz
