Experiment ID,Pretrain Strategy,Finetune Strategy,Model,N_Targets,Macro_F1_Mean_Targets,Macro_F1_Std_Targets,Macro_F1_Min_Target,Macro_F1_Max_Target,ACC_Mean_Targets,Bal_Acc_Mean_Targets,ROC_AUC_Mean_Targets
0_Baseline,raw,raw,MLP (TL),4,0.9093937074116001,0.03724154780600119,0.8750128528684,0.9612792665424245,0.9130020594976807,0.9211247930675024,0.9486565034981501
0_Baseline,raw,raw,TABNET (TL),4,0.8774939099038626,0.0570373752527216,0.8080684786087765,0.9430136898552305,0.8893296376360011,0.8873635260260884,0.9339344439222046
1_ZScore_Puro,window_zscore,window_zscore,MLP (TL),4,0.9087797911525588,0.04845451156323777,0.8484561095460821,0.9639360597927227,0.9051165053237193,0.9216080776908638,0.9514349398811031
1_ZScore_Puro,window_zscore,window_zscore,TABNET (TL),4,0.8772898397921536,0.045801612000548,0.8322628024804829,0.9311541091484555,0.881077202475961,0.886373290182684,0.9452047626361871
2_RMS_Puro,window_rms,window_rms,MLP (TL),4,0.8999334341348992,0.05655783654108901,0.8284656900277115,0.9653767862324,0.899773651128407,0.9102495290814516,0.9504425256871282
2_RMS_Puro,window_rms,window_rms,TABNET (TL),4,0.8598250674963037,0.04541638759585226,0.8189131089968986,0.899662304340667,0.8750399838167068,0.8708453588379979,0.9391187563077442
3_ZScore_Raw,window_zscore,raw,MLP (TL),4,0.9080680741738965,0.03222355109722329,0.872183283891496,0.9501796157059315,0.9135252914252536,0.9196175711854087,0.9516605398774501
3_ZScore_Raw,window_zscore,raw,TABNET (TL),4,0.8549914647177341,0.05094037410835575,0.7861226521741531,0.8964681005487798,0.8629683890998419,0.8697066317151813,0.9286821755843333
4_RMS_Raw,window_rms,raw,MLP (TL),4,0.9093885663300854,0.04650025258874962,0.8446672641035664,0.9532219437482595,0.9116514059584064,0.9155373787182164,0.9510426107339675
4_RMS_Raw,window_rms,raw,TABNET (TL),4,0.8549914647177341,0.05094037410835575,0.7861226521741531,0.8964681005487798,0.8629683890998419,0.8697066317151813,0.9286821755843333
