Experiment ID,Pretrain Strategy,Finetune Strategy,Test Strategy,Additional Parameters,Model,N_Targets,Macro_F1_Mean_Targets,Macro_F1_Std_Targets,Macro_F1_Min_Target,Macro_F1_Max_Target,ACC_Mean_Targets,Bal_Acc_Mean_Targets,ROC_AUC_Mean_Targets
E0_RMS_Detrend,rms_detrend,rms_detrend,rms_detrend,False,MLP (TL),4,0.8999334341348992,0.05655783654108901,0.8284656900277115,0.9653767862324,0.899773651128407,0.9102495290814516,0.9504425256871282
E0_RMS_Detrend,rms_detrend,rms_detrend,rms_detrend,False,TABNET (TL),4,0.8594618500274068,0.03075952204524165,0.8169673857732892,0.8905221675609751,0.8644100067782066,0.8765857733557646,0.9300964661594973
E1_RMS_Sem_Detrend,rms_raw,rms_raw,rms_raw,False,MLP (TL),4,0.9019529176380187,0.06226985952581745,0.8210958679025425,0.9697373886398277,0.9026218804650339,0.9134862940909669,0.9501532280635614
E1_RMS_Sem_Detrend,rms_raw,rms_raw,rms_raw,False,TABNET (TL),4,0.8454925222107966,0.02053620865144526,0.8232341423703862,0.8660604124054416,0.855443005725655,0.8625033883177025,0.9284543960640048
E2_RMS_Detrend_Treino_Raw_Teste,rms_detrend,rms_detrend,raw,False,MLP (TL),4,0.19661481189777275,0.05117219777734459,0.14919446744046932,0.26899216495241884,0.33792494567154163,0.3092774162513531,0.4893455658048724
E2_RMS_Detrend_Treino_Raw_Teste,rms_detrend,rms_detrend,raw,False,TABNET (TL),4,0.29556106696690954,0.067785696231071,0.21949883349762644,0.36180048129337405,0.3981140644551337,0.37516346414395374,0.5766929423344314
E3_RMS_Detrend_Com_Parametros,rms_detrend,rms_detrend,rms_detrend,True,MLP (TL),4,0.9151608059069715,0.047721041721758034,0.8523141225156892,0.955165475429251,0.9122658586953509,0.929141570118909,0.954078119362845
E3_RMS_Detrend_Com_Parametros,rms_detrend,rms_detrend,rms_detrend,True,TABNET (TL),4,0.8579698064146533,0.057040979330957996,0.7736021080734923,0.8980429771242802,0.8713464514664359,0.8674770976196039,0.9349306187384896
E4_RMS_Detrend_Treino_Raw_Teste_Com_Parametros,rms_detrend,rms_detrend,raw,True,MLP (TL),4,0.190823728703221,0.048665754159721776,0.13243416391127957,0.24697984506397397,0.37954655522108804,0.3167550386382623,0.48996414615736644
E4_RMS_Detrend_Treino_Raw_Teste_Com_Parametros,rms_detrend,rms_detrend,raw,True,TABNET (TL),4,0.3387535787449721,0.10285133231262021,0.22912608996710435,0.4481226821076409,0.44472143105282724,0.4025196049653185,0.6380277760036275
