Target Dataset,Experiment ID,Pretrain Strategy,Finetune Strategy,Model,N_Folds,ACC_Mean,ACC_Std,Bal_Acc_Mean,Bal_Acc_Std,Macro_F1_Mean,Macro_F1_Std,Macro_F1_Median,Macro_F1_Min,ROC_AUC_Mean,ROC_AUC_Std
CWRU_12k,0_Baseline,raw,raw,MLP (TL),4,0.8961718750000001,0.09953026883346841,0.9140716374269007,0.07861389256466576,0.9130163300596443,0.0810127557950383,0.9318881286669667,0.7990676988317702,0.9680869374006478,0.03999555256105049
CWRU_12k,0_Baseline,raw,raw,TABNET (TL),4,0.8852083333333334,0.09159182550861189,0.9038788377192983,0.07112737185393794,0.9034046697080578,0.07306954858053799,0.9233088625265005,0.799416225050033,0.9690670546956232,0.03002216162587676
CWRU_12k,1_ZScore_Puro,window_zscore,window_zscore,MLP (TL),4,0.8915104166666666,0.07845479003770978,0.9100328947368421,0.0610182198480128,0.9089688810615612,0.06339057192947814,0.9228576903370187,0.821090624267286,0.9729269747159374,0.02999022847670131
CWRU_12k,1_ZScore_Puro,window_zscore,window_zscore,TABNET (TL),4,0.86,0.10318464184412332,0.8346856725146199,0.1759804669819499,0.8295373711258971,0.18708158695862434,0.904753723198247,0.552632070355702,0.9637654649035414,0.044326938034125844
CWRU_12k,2_RMS_Puro,window_rms,window_rms,MLP (TL),4,0.8876302083333334,0.07524599775371038,0.9064510233918128,0.05847025313201867,0.9049295627078437,0.06142989726105859,0.9182144890878605,0.8210226460003318,0.9724363051532743,0.024644266079601785
CWRU_12k,2_RMS_Puro,window_rms,window_rms,TABNET (TL),4,0.854921875,0.1309143463518386,0.840515350877193,0.18055092266037323,0.8438963005489665,0.1739972291106829,0.9147638211251907,0.5864661627881216,0.9643223193263588,0.04242488199865527
CWRU_12k,3_ZScore_Raw,window_zscore,raw,MLP (TL),4,0.89734375,0.09909371222274065,0.9149671052631579,0.07812343896277929,0.9139330554658975,0.08063706483558872,0.9357764009394772,0.7989361767413924,0.9661832099589214,0.03621167688390281
CWRU_12k,3_ZScore_Raw,window_zscore,raw,TABNET (TL),4,0.8652864583333333,0.08743314968627466,0.8788651315789473,0.08336655475054089,0.8822272125080057,0.07851955154763013,0.8943613808965152,0.7793623096713644,0.95948231317974,0.03440621065185968
CWRU_12k,4_RMS_Raw,window_rms,raw,MLP (TL),4,0.8969791666666667,0.09748653307993084,0.9146381578947368,0.07688328948829493,0.9137903494363167,0.07909326635865764,0.9365559468878911,0.800812858346953,0.9696723401168542,0.02734965212444171
CWRU_12k,4_RMS_Raw,window_rms,raw,TABNET (TL),4,0.8652864583333333,0.08743314968627466,0.8788651315789473,0.08336655475054089,0.8822272125080057,0.07851955154763013,0.8943613808965152,0.7793623096713644,0.95948231317974,0.03440621065185968
CWRU_48k,0_Baseline,raw,raw,MLP (TL),12,0.911574074074074,0.12119537272055365,0.9125,0.12352667073890714,0.9008372869300807,0.15001497253847967,0.9663895511135562,0.4626945786366076,0.8976715686274509,0.28472321243746446
CWRU_48k,0_Baseline,raw,raw,TABNET (TL),12,0.8516975308641975,0.0847024027279751,0.8458333333333333,0.09214749923986881,0.8218642961971768,0.12324365124248936,0.8117770266107861,0.562962962962963,0.8844634103641457,0.2804042850219252
CWRU_48k,1_ZScore_Puro,window_zscore,window_zscore,MLP (TL),12,0.9586419753086419,0.060257446044445905,0.9625,0.05690901829794961,0.958016860910528,0.06252594827397277,0.9916614550760892,0.8222222222222223,0.912156862745098,0.28760954971015484
CWRU_48k,1_ZScore_Puro,window_zscore,window_zscore,TABNET (TL),12,0.8810185185185185,0.1105404114629794,0.8771825396825398,0.11104003343982567,0.8530102556170457,0.16965220916251164,0.8587808938122832,0.36752136752136755,0.8987517507002801,0.28547994909906155
CWRU_48k,2_RMS_Puro,window_rms,window_rms,MLP (TL),12,0.9544753086419754,0.06457849333605298,0.9583333333333334,0.06175055718883281,0.9533863626824689,0.06787315028773036,0.9833229101521784,0.8222222222222223,0.8927308006535948,0.2890522636526572
CWRU_48k,2_RMS_Puro,window_rms,window_rms,TABNET (TL),12,0.8810185185185185,0.1105404114629794,0.8771825396825398,0.11104003343982567,0.8530102556170457,0.16965220916251164,0.8587808938122832,0.36752136752136755,0.8987517507002801,0.28547994909906155
CWRU_48k,3_ZScore_Raw,window_zscore,raw,MLP (TL),12,0.9174382716049383,0.1470486521744786,0.9180555555555556,0.14710305831052514,0.887697314342236,0.20018978032902432,0.9833229101521784,0.4000000000000001,0.8994934640522875,0.2863408787597879
CWRU_48k,3_ZScore_Raw,window_zscore,raw,TABNET (TL),12,0.865432098765432,0.11672499566236418,0.8589285714285714,0.11811376146448486,0.8354378410013709,0.13734824716628552,0.8502935876207767,0.6153508771929824,0.8668102240896358,0.279765516073334
CWRU_48k,4_RMS_Raw,window_rms,raw,MLP (TL),12,0.9132716049382715,0.1498156021116381,0.9138888888888889,0.14988772453516655,0.8815362317845167,0.19431244419124374,0.9666196839816865,0.36752136752136755,0.8973366013071895,0.28575577084429593
CWRU_48k,4_RMS_Raw,window_rms,raw,TABNET (TL),12,0.865432098765432,0.11672499566236418,0.8589285714285714,0.11811376146448486,0.8354378410013709,0.13734824716628552,0.8502935876207767,0.6153508771929824,0.8668102240896358,0.279765516073334
HUST_Gearbox,0_Baseline,raw,raw,MLP (TL),30,0.961111111111111,0.13074596858566945,0.961111111111111,0.13074596858566945,0.9569813422445002,0.14116004065260104,1.0,0.3650793650793651,0.9838888888888888,0.06586927337513354
HUST_Gearbox,0_Baseline,raw,raw,TABNET (TL),30,0.9388888888888889,0.1336442734512372,0.9388888888888889,0.1336442734512372,0.9335917042331096,0.14404755318550322,1.0,0.3650793650793651,0.9777777777777777,0.09611349187581285
HUST_Gearbox,1_ZScore_Puro,window_zscore,window_zscore,MLP (TL),30,0.9344444444444445,0.11192612962564076,0.9344444444444444,0.11192612962564075,0.9208825231521778,0.14183408740350842,1.0,0.5555555555555555,0.9858333333333333,0.0625584018325816
HUST_Gearbox,1_ZScore_Puro,window_zscore,window_zscore,TABNET (TL),30,0.9055555555555556,0.13220306374610602,0.9055555555555556,0.132203063746106,0.8834514454579422,0.16993546584811287,1.0,0.5555555555555555,0.9825,0.037017004480233866
HUST_Gearbox,2_RMS_Puro,window_rms,window_rms,MLP (TL),30,0.9344444444444444,0.11889766143736633,0.9344444444444444,0.11889766143736631,0.918580438263886,0.15292685401587497,1.0,0.5555555555555555,0.9864444444444445,0.058289364929264405
HUST_Gearbox,2_RMS_Puro,window_rms,window_rms,TABNET (TL),30,0.8933333333333333,0.1657214576708975,0.8933333333333333,0.16572145767089747,0.874175124212474,0.19293432233597813,1.0,0.3333333333333333,0.9638888888888889,0.08685912906197515
HUST_Gearbox,3_ZScore_Raw,window_zscore,raw,MLP (TL),30,0.9588888888888889,0.1349565939395516,0.9588888888888889,0.1349565939395516,0.9549747685712598,0.1445681631835194,1.0,0.3333333333333333,0.9859444444444444,0.062338962394631964
HUST_Gearbox,3_ZScore_Raw,window_zscore,raw,TABNET (TL),30,0.9477777777777778,0.10601934809805548,0.9477777777777778,0.1060193480980555,0.9405968182695273,0.12639295176503687,1.0,0.5061728395061729,0.9825555555555555,0.06869853815269093
HUST_Gearbox,4_RMS_Raw,window_rms,raw,MLP (TL),30,0.9577777777777778,0.13615782293298212,0.9577777777777778,0.13615782293298212,0.9537037037037037,0.14577440577977188,1.0,0.3333333333333333,0.9862777777777778,0.06160012460387792
HUST_Gearbox,4_RMS_Raw,window_rms,raw,TABNET (TL),30,0.9477777777777778,0.10601934809805548,0.9477777777777778,0.1060193480980555,0.9405968182695273,0.12639295176503687,1.0,0.5061728395061729,0.9825555555555555,0.06869853815269093
PU,0_Baseline,raw,raw,MLP (TL),4,0.5467556888464546,0.26534087859697847,0.504037116266065,0.27704799672288793,0.3870919920828667,0.18790280886288838,0.46969050357744396,0.10691227237989828,0.0,0.0
PU,0_Baseline,raw,raw,TABNET (TL),4,0.556333055651994,0.19557255309672242,0.5495620995851316,0.18479537059088477,0.4196220984533982,0.09412508208252195,0.4384141864817346,0.2904583915222213,0.0,0.0
PU,1_ZScore_Puro,window_zscore,window_zscore,MLP (TL),4,0.5119115810184496,0.2571633596724694,0.5034453592971616,0.22135621575442221,0.39243549541054895,0.15222127325505666,0.4477269270523058,0.17547296166080695,0.0,0.0
PU,1_ZScore_Puro,window_zscore,window_zscore,TABNET (TL),4,0.5275706199432936,0.2477743784786329,0.5238126415923853,0.20652884252536235,0.40388570430473847,0.15235190504344762,0.46485854963223944,0.17997240968751968,0.0,0.0
PU,2_RMS_Puro,window_rms,window_rms,MLP (TL),4,0.5202848671726592,0.23996837704314353,0.5253080627725788,0.17989335355719238,0.4050414960464573,0.13468075065794446,0.45436516699655116,0.21222429372584983,0.0,0.0
PU,2_RMS_Puro,window_rms,window_rms,TABNET (TL),4,0.5550064026726911,0.23465659964658334,0.5303266414815879,0.20089502342390325,0.40822172752366004,0.13353188042631184,0.4604147055973704,0.21147901109900524,0.0,0.0
PU,3_ZScore_Raw,window_zscore,raw,MLP (TL),4,0.540398196022188,0.26768906618601074,0.4980220595526946,0.28091795383064505,0.386397525480026,0.19822323063370412,0.47769396231308464,0.09020217729393468,0.0,0.0
PU,3_ZScore_Raw,window_zscore,raw,TABNET (TL),4,0.5577524128520162,0.2468785752713695,0.5077781021716417,0.26936438789862427,0.3954050982098888,0.19248857495561322,0.48463951298881036,0.10774058577405858,0.0,0.0
PU,4_RMS_Raw,window_rms,raw,MLP (TL),4,0.5379192198600835,0.26460274943772355,0.49367742019011407,0.2780837482886515,0.38418460686555755,0.1982814787703841,0.47404428791509146,0.08864985163204747,0.0,0.0
PU,4_RMS_Raw,window_rms,raw,TABNET (TL),4,0.5577524128520162,0.2468785752713695,0.5077781021716417,0.26936438789862427,0.3954050982098888,0.19248857495561322,0.48463951298881036,0.10774058577405858,0.0,0.0
