Target Dataset,Experiment ID,Pretrain Strategy,Finetune Strategy,Test Strategy,Additional Parameters,Model,N_Folds,ACC_Mean,ACC_Std,Bal_Acc_Mean,Bal_Acc_Std,Macro_F1_Mean,Macro_F1_Std,Macro_F1_Median,Macro_F1_Min,Macro_F1_Max,ROC_AUC_Mean,ROC_AUC_Std
CWRU_12k,E0_RMS_Detrend,rms_detrend,rms_detrend,rms_detrend,False,MLP (TL),4,0.8738020833333333,0.07078728589054682,0.8946820175438597,0.053853200451613875,0.8932567398122975,0.05693334338088941,0.9064366474227921,0.8130490116798125,0.9471046527237931,0.9718205662858839,0.023651909708364973
CWRU_12k,E0_RMS_Detrend,rms_detrend,rms_detrend,rms_detrend,False,TABNET (TL),4,0.8717447916666667,0.08485947905152273,0.8906798245614036,0.07120689790623196,0.8905221675609751,0.07085951760328855,0.8921563135032917,0.8034985403402504,0.9742775028970665,0.9674694750603384,0.032294809322308146
CWRU_12k,E1_RMS_Sem_Detrend,rms_raw,rms_raw,rms_raw,False,MLP (TL),4,0.875390625,0.0753936608844702,0.8958150584795321,0.0584486814030634,0.8940919319536351,0.06172349428196838,0.8998386099670452,0.8132083930787792,0.963482114801671,0.9695555867472971,0.031431639873858275
CWRU_12k,E1_RMS_Sem_Detrend,rms_raw,rms_raw,rms_raw,False,TABNET (TL),4,0.8293229166666667,0.12486185943262351,0.8259502923976608,0.15906739566041028,0.8331980345492088,0.1468088928024143,0.8870472625918921,0.618477118945869,0.9402204940671819,0.9517608658000605,0.0505137526851229
CWRU_12k,E2_RMS_Detrend_Treino_Raw_Teste,rms_detrend,rms_detrend,raw,False,MLP (TL),4,0.29565104166666667,0.002311115388784764,0.24809941520467835,0.005527591981113916,0.14919446744046932,0.04011876713113254,0.14869311003605212,0.1144578313253012,0.18493381836447187,0.4986296691822345,0.003975079998561075
CWRU_12k,E2_RMS_Detrend_Treino_Raw_Teste,rms_detrend,rms_detrend,raw,False,TABNET (TL),4,0.3235677083333333,0.027254318035175654,0.2737390350877193,0.012440277028455406,0.21949883349762644,0.04266511808101598,0.22900252388956172,0.15998402964146813,0.26000625656991416,0.5060622187188959,0.047689176764115875
CWRU_12k,E3_RMS_Detrend_Com_Parametros,rms_detrend,rms_detrend,rms_detrend,True,MLP (TL),4,0.8873697916666666,0.07276817096594611,0.906030701754386,0.056647393382424305,0.9039882797693461,0.06086179100985479,0.9091821705622363,0.8246177280220139,0.9729710499308979,0.9729227592397321,0.02868709363713609
CWRU_12k,E3_RMS_Detrend_Com_Parametros,rms_detrend,rms_detrend,rms_detrend,True,TABNET (TL),4,0.8629947916666667,0.07985788225658716,0.8699652777777778,0.09097023918195436,0.8748137766337039,0.0823354430147585,0.8920327287462406,0.7606294840503579,0.9545601649919765,0.9595246965839488,0.042884054042020184
CWRU_12k,E4_RMS_Detrend_Treino_Raw_Teste_Com_Parametros,rms_detrend,rms_detrend,raw,True,MLP (TL),4,0.26197916666666665,0.05248801119726718,0.2544407894736842,0.006056563368263807,0.13243416391127957,0.017692816450230343,0.13261563537098237,0.1144578313253012,0.15004755357785235,0.5026804641812865,0.0036623471370766827
CWRU_12k,E4_RMS_Detrend_Treino_Raw_Teste_Com_Parametros,rms_detrend,rms_detrend,raw,True,TABNET (TL),4,0.3340885416666667,0.02987064306037415,0.2989309210526316,0.056633488872330356,0.22912608996710435,0.09082733627492635,0.2001792084128568,0.15562603135313532,0.36051991168956843,0.5907525025674125,0.059887795139131034
CWRU_48k,E0_RMS_Detrend,rms_detrend,rms_detrend,rms_detrend,False,MLP (TL),12,0.9662037037037038,0.05192470231078457,0.9666666666666668,0.051737488118072314,0.9653767862324,0.054828723407504935,0.9916614550760892,0.8222222222222223,1.0,0.9098263888888889,0.28694871708245945
CWRU_48k,E0_RMS_Detrend,rms_detrend,rms_detrend,rms_detrend,False,TABNET (TL),12,0.8751543209876543,0.11411063063001287,0.8712301587301586,0.11245126905973567,0.8663085065433247,0.12184773790558906,0.9057112941259282,0.6214264662540524,1.0,0.8728810690943044,0.28741951947820576
CWRU_48k,E1_RMS_Sem_Detrend,rms_raw,rms_raw,rms_raw,False,MLP (TL),12,0.9708333333333333,0.05324092372973972,0.9708333333333333,0.053240923729739716,0.9697373886398277,0.05603023186288865,1.0,0.8222222222222223,1.0,0.9113194444444445,0.28735590555307705
CWRU_48k,E1_RMS_Sem_Detrend,rms_raw,rms_raw,rms_raw,False,TABNET (TL),12,0.862037037037037,0.1639823108725059,0.8805555555555555,0.11888228056778118,0.8594774995181499,0.15954752998161773,0.9074056208202549,0.48148148148148145,1.0,0.8693799603174602,0.2895664183097158
CWRU_48k,E2_RMS_Detrend_Treino_Raw_Teste,rms_detrend,rms_detrend,raw,False,MLP (TL),12,0.31743827160493826,0.05209453988427834,0.3236111111111111,0.04048839048801229,0.17878911051179958,0.04720848087135457,0.16666666666666666,0.12121212121212122,0.29090909090909095,0.45937500000000003,0.1449064157247077
CWRU_48k,E2_RMS_Detrend_Treino_Raw_Teste,rms_detrend,rms_detrend,raw,False,TABNET (TL),12,0.3421296296296296,0.13799629001123526,0.34900793650793654,0.1303131123462424,0.25826267565044403,0.1610410697910281,0.1935264176643487,0.06153846153846154,0.6,0.5085734710550888,0.21377898207883017
CWRU_48k,E3_RMS_Detrend_Com_Parametros,rms_detrend,rms_detrend,rms_detrend,True,MLP (TL),12,0.9564814814814815,0.06421560437982395,0.9569444444444445,0.06414091704253404,0.955165475429251,0.06804114967077775,0.9749947884094226,0.8068904981347377,1.0,0.9092013888888889,0.2866959803950228
CWRU_48k,E3_RMS_Detrend_Com_Parametros,rms_detrend,rms_detrend,rms_detrend,True,TABNET (TL),12,0.8901234567901235,0.11280508184660207,0.8930555555555556,0.11111426763193138,0.8854203638271366,0.11972518111883164,0.9073982620494248,0.6666666666666666,1.0,0.8828297152194211,0.2812527032720593
CWRU_48k,E4_RMS_Detrend_Treino_Raw_Teste_Com_Parametros,rms_detrend,rms_detrend,raw,True,MLP (TL),12,0.33549382716049386,0.06497495048770713,0.34702380952380957,0.05613399648822315,0.20836790032462504,0.06715012715106733,0.16666666666666666,0.12121212121212122,0.3333333333333333,0.45800945378151264,0.14578330063485592
CWRU_48k,E4_RMS_Detrend_Treino_Raw_Teste_Com_Parametros,rms_detrend,rms_detrend,raw,True,TABNET (TL),12,0.4824074074074074,0.08524189299714006,0.4912698412698413,0.0945011167834445,0.4481226821076409,0.11028476375934763,0.4507193075741463,0.25068418171866447,0.6393799437277697,0.595985206582633,0.21042816942085124
HUST_Gearbox,E0_RMS_Detrend,rms_detrend,rms_detrend,rms_detrend,False,MLP (TL),30,0.9277777777777777,0.11648864359604102,0.9277777777777777,0.11648864359604102,0.9126345204671882,0.1473300093278283,1.0,0.5555555555555555,1.0,0.9834444444444445,0.06792622397084519
HUST_Gearbox,E0_RMS_Detrend,rms_detrend,rms_detrend,rms_detrend,False,TABNET (TL),30,0.8855555555555555,0.16624851759966722,0.8855555555555555,0.16624851759966722,0.8640493402320383,0.1950633492186405,1.0,0.3333333333333333,1.0,0.9830555555555556,0.06828928119350743
HUST_Gearbox,E1_RMS_Sem_Detrend,rms_raw,rms_raw,rms_raw,False,MLP (TL),30,0.9366666666666668,0.1142525266536513,0.9366666666666668,0.11425252665365129,0.9228864820560692,0.14508781243723445,1.0,0.5555555555555555,1.0,0.9811111111111112,0.07271069705453125
HUST_Gearbox,E1_RMS_Sem_Detrend,rms_raw,rms_raw,rms_raw,False,TABNET (TL),30,0.8944444444444444,0.14171455129425242,0.8944444444444444,0.14171455129425242,0.8660604124054416,0.18734447624450087,0.9832915622389307,0.5555555555555555,1.0,0.9693888888888889,0.09436771167293238
HUST_Gearbox,E2_RMS_Detrend_Treino_Raw_Teste,rms_detrend,rms_detrend,raw,False,MLP (TL),30,0.32888888888888884,0.01691387544683082,0.32888888888888884,0.016913875446830824,0.18948350468640324,0.04038009463010125,0.16666666666666666,0.16666666666666666,0.2930756843800322,0.4966666666666667,0.012685406585123127
HUST_Gearbox,E2_RMS_Detrend_Treino_Raw_Teste,rms_detrend,rms_detrend,raw,False,TABNET (TL),30,0.4422222222222222,0.13128697861369243,0.4422222222222222,0.13128697861369243,0.34268227742619367,0.1717760806912995,0.3355557697662961,0.16666666666666666,0.8611111111111112,0.7036388888888889,0.1373707130480168
HUST_Gearbox,E3_RMS_Detrend_Com_Parametros,rms_detrend,rms_detrend,rms_detrend,True,MLP (TL),30,0.9577777777777778,0.09745156310690746,0.9577777777777778,0.09745156310690746,0.9491753459135996,0.12082537245985371,1.0,0.5555555555555555,1.0,0.9827777777777779,0.06711392118143135
HUST_Gearbox,E3_RMS_Detrend_Com_Parametros,rms_detrend,rms_detrend,rms_detrend,True,TABNET (TL),30,0.9122222222222223,0.1519939838830929,0.9122222222222223,0.1519939838830929,0.8980429771242802,0.17546841476967595,1.0,0.3650793650793651,1.0,0.9618888888888889,0.10879233736445294
HUST_Gearbox,E4_RMS_Detrend_Treino_Raw_Teste_Com_Parametros,rms_detrend,rms_detrend,raw,True,MLP (TL),30,0.33222222222222225,0.006085806194501844,0.33222222222222225,0.006085806194501844,0.1755130055130055,0.027427435476522766,0.16666666666666666,0.16666666666666666,0.26666666666666666,0.49916666666666665,0.004564354645876378
HUST_Gearbox,E4_RMS_Detrend_Treino_Raw_Teste_Com_Parametros,rms_detrend,rms_detrend,raw,True,TABNET (TL),30,0.4,0.12502873232999678,0.4,0.12502873232999678,0.2766117138582282,0.15231417764085173,0.16666666666666666,0.12903225806451613,0.5793650793650794,0.6620277777777778,0.09655281725457658
PU,E0_RMS_Detrend,rms_detrend,rms_detrend,rms_detrend,False,MLP (TL),4,0.8313110396988131,0.2533334305585617,0.8518716543375023,0.22643796500012756,0.8284656900277115,0.25905026999258174,0.9313804688880736,0.45110182233469903,1.0,0.9366787031292956,0.10896749072554666
PU,E0_RMS_Detrend,rms_detrend,rms_detrend,rms_detrend,False,TABNET (TL),4,0.8251853589029499,0.2162412424333454,0.8588775545759406,0.18307751435773087,0.8169673857732892,0.2213606816153534,0.8709765200988577,0.5274849327499536,0.9984315701454879,0.8969797649277906,0.1399167000834049
PU,E1_RMS_Sem_Detrend,rms_raw,rms_raw,rms_raw,False,MLP (TL),4,0.8275968968601354,0.25275377839183805,0.8506301178843357,0.21969489198120504,0.8210958679025425,0.26655673699934873,0.9258551456566526,0.4337159536376445,0.9989572266592205,0.9386267699513929,0.1043324136660423
PU,E1_RMS_Sem_Detrend,rms_raw,rms_raw,rms_raw,False,TABNET (TL),4,0.8359676247544721,0.2515260206497102,0.8490632608731491,0.23249824815196082,0.8232341423703862,0.2620210298039013,0.9270532210290874,0.44003022663157104,0.9987999007917988,0.9232878692496099,0.13239426465130338
PU,E2_RMS_Detrend_Treino_Raw_Teste,rms_detrend,rms_detrend,raw,False,MLP (TL),4,0.40972158052567276,0.07578609087918228,0.3365102498007341,0.0029121230537432013,0.26899216495241884,0.07780050184756526,0.3069680246893944,0.15230842455973345,0.30972418587115325,0.5027109273705882,0.0021705109144792858
PU,E2_RMS_Detrend_Treino_Raw_Teste,rms_detrend,rms_detrend,raw,False,TABNET (TL),4,0.48453669763534973,0.11862992069428759,0.435684662757937,0.08100614943734463,0.36180048129337405,0.05257858075070452,0.3525162495590176,0.3127592639480462,0.42941016210741473,0.5884971906748517,0.0537724045252243
PU,E3_RMS_Detrend_Com_Parametros,rms_detrend,rms_detrend,rms_detrend,True,MLP (TL),4,0.8474343838554779,0.23338108807118937,0.8958133564990274,0.15642607679725357,0.8523141225156892,0.22236564812340234,0.9405774809696827,0.5291443014641708,0.9989572266592205,0.9514105515449813,0.08864481624567119
PU,E3_RMS_Detrend_Com_Parametros,rms_detrend,rms_detrend,rms_detrend,True,TABNET (TL),4,0.820045335186731,0.2514689004666533,0.7946653349228598,0.2639676262536525,0.7736021080734923,0.3031082031685335,0.8832703378302387,0.33198109671294396,0.9958866599205477,0.9354791742616996,0.099468809938859
PU,E4_RMS_Detrend_Treino_Raw_Teste_Com_Parametros,rms_detrend,rms_detrend,raw,True,MLP (TL),4,0.5884910048349694,0.0032362885884099943,0.3333333333333333,0.0,0.24697984506397397,0.0008545995193998178,0.24683716158172087,0.2462253193960511,0.24801973769640306,0.5,0.0
PU,E4_RMS_Detrend_Treino_Raw_Teste_Com_Parametros,rms_detrend,rms_detrend,raw,True,TABNET (TL),4,0.5623897751372348,0.07748844756071403,0.41987765753880113,0.11792890508063392,0.40115382904691493,0.11745553829427581,0.3643697592747532,0.30701303838457633,0.5688627592535771,0.7033456170866866,0.09633262117249461
