Exp Strategy,Dataset,Task,Test Condition,Model,Bal Acc,Macro F1,ROC-AUC
0_Baseline,CWRU_12k,Diagnosis,Load_0HP,MLP (TL),0.6192251461988304,0.5325437798040938,0.8246523638873606
0_Baseline,CWRU_12k,Diagnosis,Load_0HP,TABNET (TL),0.6867690058479532,0.6488010839725555,0.8611372562503821
0_Baseline,CWRU_12k,Diagnosis,Load_1HP,MLP (TL),0.5637426900584795,0.5012839517437474,0.837551519196542
0_Baseline,CWRU_12k,Diagnosis,Load_1HP,TABNET (TL),0.6835526315789474,0.6445022236124984,0.9033095283498601
0_Baseline,CWRU_12k,Diagnosis,Load_2HP,MLP (TL),0.6736111111111112,0.6454960416935501,0.8588213196033562
0_Baseline,CWRU_12k,Diagnosis,Load_2HP,TABNET (TL),0.7535087719298246,0.7208143007425355,0.9297829600041772
0_Baseline,CWRU_12k,Diagnosis,Load_3HP,MLP (TL),0.6394005847953217,0.5765545880564535,0.8659870049898297
0_Baseline,CWRU_12k,Diagnosis,Load_3HP,TABNET (TL),0.7042397660818713,0.6526627924825479,0.9005396008136283
0_Baseline,UOEMD,Diagnosis,Load_Loaded_Speed_15Hz,MLP (TL),0.425,0.3293478260869565,0.7621428571428571
0_Baseline,UOEMD,Diagnosis,Load_Loaded_Speed_15Hz,TABNET (TL),0.375,0.25,0.8598214285714286
0_Baseline,UOEMD,Diagnosis,Load_Loaded_Speed_30Hz,MLP (TL),0.22499999999999998,0.2383578431372549,0.8276785714285714
0_Baseline,UOEMD,Diagnosis,Load_Loaded_Speed_30Hz,TABNET (TL),0.6625,0.5758137857692919,0.9339285714285714
0_Baseline,UOEMD,Diagnosis,Load_Loaded_Speed_45Hz,MLP (TL),0.575,0.48648066026114806,0.9510714285714286
0_Baseline,UOEMD,Diagnosis,Load_Loaded_Speed_45Hz,TABNET (TL),0.4875,0.3693181818181818,0.9203571428571429
0_Baseline,UOEMD,Diagnosis,Load_Loaded_Speed_60Hz,MLP (TL),0.2125,0.17803030303030304,0.6941071428571428
0_Baseline,UOEMD,Diagnosis,Load_Loaded_Speed_60Hz,TABNET (TL),0.4125,0.3404017857142857,0.7353571428571428
0_Baseline,UOEMD,Diagnosis,Load_Loaded_Speed_Dec_45_to_15Hz,MLP (TL),0.475,0.4652423556835321,0.7801785714285714
0_Baseline,UOEMD,Diagnosis,Load_Loaded_Speed_Dec_45_to_15Hz,TABNET (TL),0.575,0.5623256373256373,0.8801785714285715
0_Baseline,UOEMD,Diagnosis,Load_Loaded_Speed_Dec_60_to_30Hz,MLP (TL),0.375,0.31526434558349453,0.7521428571428571
0_Baseline,UOEMD,Diagnosis,Load_Loaded_Speed_Dec_60_to_30Hz,TABNET (TL),0.6125,0.5760945368816036,0.9032142857142856
0_Baseline,UOEMD,Diagnosis,Load_Loaded_Speed_Inc_15_to_45Hz,MLP (TL),0.36250000000000004,0.287012987012987,0.8076785714285715
0_Baseline,UOEMD,Diagnosis,Load_Loaded_Speed_Inc_15_to_45Hz,TABNET (TL),0.475,0.4462860144057623,0.7757142857142857
0_Baseline,UOEMD,Diagnosis,Load_Loaded_Speed_Inc_30_to_60Hz,MLP (TL),0.45,0.4374353902604676,0.7744642857142857
0_Baseline,UOEMD,Diagnosis,Load_Loaded_Speed_Inc_30_to_60Hz,TABNET (TL),0.44999999999999996,0.37883647798742137,0.792142857142857
0_Baseline,UOEMD,Diagnosis,Load_No_Load_Speed_15Hz,MLP (TL),0.3375,0.30756222943722944,0.7012499999999999
0_Baseline,UOEMD,Diagnosis,Load_No_Load_Speed_15Hz,TABNET (TL),0.4375,0.3884315237763514,0.9144642857142857
0_Baseline,UOEMD,Diagnosis,Load_No_Load_Speed_30Hz,MLP (TL),0.125,0.125,0.6308928571428571
0_Baseline,UOEMD,Diagnosis,Load_No_Load_Speed_30Hz,TABNET (TL),0.4375,0.35408496732026146,0.8398214285714286
0_Baseline,UOEMD,Diagnosis,Load_No_Load_Speed_45Hz,MLP (TL),0.6125,0.537468671679198,0.92625
0_Baseline,UOEMD,Diagnosis,Load_No_Load_Speed_45Hz,TABNET (TL),0.3,0.21269471269471268,0.8876785714285714
0_Baseline,UOEMD,Diagnosis,Load_No_Load_Speed_60Hz,MLP (TL),0.525,0.4647275641025641,0.9426785714285715
0_Baseline,UOEMD,Diagnosis,Load_No_Load_Speed_60Hz,TABNET (TL),0.575,0.5075102663845058,0.8567857142857143
0_Baseline,UOEMD,Diagnosis,Load_No_Load_Speed_Dec_45_to_15Hz,MLP (TL),0.55,0.5000188371352055,0.8569642857142856
0_Baseline,UOEMD,Diagnosis,Load_No_Load_Speed_Dec_45_to_15Hz,TABNET (TL),0.4375,0.3860731792717087,0.8383928571428572
0_Baseline,UOEMD,Diagnosis,Load_No_Load_Speed_Dec_60_to_30Hz,MLP (TL),0.55,0.5000503151818941,0.8708928571428571
0_Baseline,UOEMD,Diagnosis,Load_No_Load_Speed_Dec_60_to_30Hz,TABNET (TL),0.5,0.4638068838068838,0.8353571428571429
0_Baseline,UOEMD,Diagnosis,Load_No_Load_Speed_Inc_15_to_45Hz,MLP (TL),0.46249999999999997,0.44321428571428567,0.8017857142857143
0_Baseline,UOEMD,Diagnosis,Load_No_Load_Speed_Inc_15_to_45Hz,TABNET (TL),0.5875,0.5559920262664164,0.875892857142857
0_Baseline,UOEMD,Diagnosis,Load_No_Load_Speed_Inc_30_to_60Hz,MLP (TL),0.38749999999999996,0.38958333333333334,0.7773214285714287
0_Baseline,UOEMD,Diagnosis,Load_No_Load_Speed_Inc_30_to_60Hz,TABNET (TL),0.675,0.650760582010582,0.9207142857142858
0_Baseline,HUST_Gearbox,Diagnosis,Cond_20_0,MLP (TL),1.0,1.0,1.0
0_Baseline,HUST_Gearbox,Diagnosis,Cond_20_0,TABNET (TL),0.6666666666666666,0.5555555555555555,1.0
0_Baseline,HUST_Gearbox,Diagnosis,Cond_20_1,MLP (TL),0.8666666666666667,0.8611111111111112,1.0
0_Baseline,HUST_Gearbox,Diagnosis,Cond_20_1,TABNET (TL),0.9,0.8976982097186701,1.0
0_Baseline,HUST_Gearbox,Diagnosis,Cond_20_2,MLP (TL),0.6666666666666666,0.5555555555555555,0.975
0_Baseline,HUST_Gearbox,Diagnosis,Cond_20_2,TABNET (TL),1.0,1.0,1.0
0_Baseline,HUST_Gearbox,Diagnosis,Cond_20_3,MLP (TL),0.9333333333333332,0.9326599326599326,1.0
0_Baseline,HUST_Gearbox,Diagnosis,Cond_20_3,TABNET (TL),0.6666666666666666,0.5555555555555555,0.9233333333333333
0_Baseline,HUST_Gearbox,Diagnosis,Cond_20_4,MLP (TL),0.6666666666666666,0.5555555555555555,0.5
0_Baseline,HUST_Gearbox,Diagnosis,Cond_20_4,TABNET (TL),0.3333333333333333,0.3333333333333333,0.6683333333333333
0_Baseline,HUST_Gearbox,Diagnosis,Cond_25_0,MLP (TL),1.0,1.0,1.0
0_Baseline,HUST_Gearbox,Diagnosis,Cond_25_0,TABNET (TL),1.0,1.0,1.0
0_Baseline,HUST_Gearbox,Diagnosis,Cond_25_1,MLP (TL),1.0,1.0,1.0
0_Baseline,HUST_Gearbox,Diagnosis,Cond_25_1,TABNET (TL),0.6666666666666666,0.5555555555555555,0.9916666666666667
0_Baseline,HUST_Gearbox,Diagnosis,Cond_25_2,MLP (TL),1.0,1.0,1.0
0_Baseline,HUST_Gearbox,Diagnosis,Cond_25_2,TABNET (TL),0.9666666666666667,0.9665831244778612,1.0
0_Baseline,HUST_Gearbox,Diagnosis,Cond_25_3,MLP (TL),1.0,1.0,1.0
0_Baseline,HUST_Gearbox,Diagnosis,Cond_25_3,TABNET (TL),1.0,1.0,1.0
0_Baseline,HUST_Gearbox,Diagnosis,Cond_25_4,MLP (TL),0.6666666666666666,0.5555555555555555,1.0
0_Baseline,HUST_Gearbox,Diagnosis,Cond_25_4,TABNET (TL),0.6666666666666666,0.5555555555555555,0.9966666666666667
0_Baseline,HUST_Gearbox,Diagnosis,Cond_30_0,MLP (TL),0.5666666666666667,0.5061728395061729,0.6866666666666666
0_Baseline,HUST_Gearbox,Diagnosis,Cond_30_0,TABNET (TL),1.0,1.0,1.0
0_Baseline,HUST_Gearbox,Diagnosis,Cond_30_1,MLP (TL),1.0,1.0,1.0
0_Baseline,HUST_Gearbox,Diagnosis,Cond_30_1,TABNET (TL),0.6666666666666666,0.5555555555555555,1.0
0_Baseline,HUST_Gearbox,Diagnosis,Cond_30_2,MLP (TL),1.0,1.0,1.0
0_Baseline,HUST_Gearbox,Diagnosis,Cond_30_2,TABNET (TL),1.0,1.0,1.0
0_Baseline,HUST_Gearbox,Diagnosis,Cond_30_3,MLP (TL),1.0,1.0,1.0
0_Baseline,HUST_Gearbox,Diagnosis,Cond_30_3,TABNET (TL),1.0,1.0,1.0
0_Baseline,HUST_Gearbox,Diagnosis,Cond_30_4,MLP (TL),1.0,1.0,1.0
0_Baseline,HUST_Gearbox,Diagnosis,Cond_30_4,TABNET (TL),1.0,1.0,1.0
0_Baseline,HUST_Gearbox,Diagnosis,Cond_35_0,MLP (TL),1.0,1.0,1.0
0_Baseline,HUST_Gearbox,Diagnosis,Cond_35_0,TABNET (TL),1.0,1.0,1.0
0_Baseline,HUST_Gearbox,Diagnosis,Cond_35_1,MLP (TL),0.8333333333333334,0.8222222222222223,0.9933333333333333
0_Baseline,HUST_Gearbox,Diagnosis,Cond_35_1,TABNET (TL),1.0,1.0,1.0
0_Baseline,HUST_Gearbox,Diagnosis,Cond_35_2,MLP (TL),0.9,0.8976982097186701,1.0
0_Baseline,HUST_Gearbox,Diagnosis,Cond_35_2,TABNET (TL),1.0,1.0,1.0
0_Baseline,HUST_Gearbox,Diagnosis,Cond_35_3,MLP (TL),1.0,1.0,1.0
0_Baseline,HUST_Gearbox,Diagnosis,Cond_35_3,TABNET (TL),1.0,1.0,1.0
0_Baseline,HUST_Gearbox,Diagnosis,Cond_35_4,MLP (TL),0.6666666666666666,0.5341880341880342,0.7766666666666667
0_Baseline,HUST_Gearbox,Diagnosis,Cond_35_4,TABNET (TL),0.8333333333333334,0.8222222222222223,0.8333333333333334
0_Baseline,HUST_Gearbox,Diagnosis,Cond_40_0,MLP (TL),1.0,1.0,1.0
0_Baseline,HUST_Gearbox,Diagnosis,Cond_40_0,TABNET (TL),1.0,1.0,1.0
0_Baseline,HUST_Gearbox,Diagnosis,Cond_40_1,MLP (TL),1.0,1.0,1.0
0_Baseline,HUST_Gearbox,Diagnosis,Cond_40_1,TABNET (TL),1.0,1.0,1.0
0_Baseline,HUST_Gearbox,Diagnosis,Cond_40_2,MLP (TL),0.6666666666666666,0.5555555555555555,1.0
0_Baseline,HUST_Gearbox,Diagnosis,Cond_40_2,TABNET (TL),1.0,1.0,1.0
0_Baseline,HUST_Gearbox,Diagnosis,Cond_40_3,MLP (TL),1.0,1.0,1.0
0_Baseline,HUST_Gearbox,Diagnosis,Cond_40_3,TABNET (TL),1.0,1.0,1.0
0_Baseline,HUST_Gearbox,Diagnosis,Cond_40_4,MLP (TL),1.0,1.0,1.0
0_Baseline,HUST_Gearbox,Diagnosis,Cond_40_4,TABNET (TL),0.6666666666666666,0.5555555555555555,1.0
0_Baseline,HUST_Gearbox,Diagnosis,Cond_L0_VS_0_40_0,MLP (TL),0.6666666666666666,0.5367686527106817,0.9183333333333333
0_Baseline,HUST_Gearbox,Diagnosis,Cond_L0_VS_0_40_0,TABNET (TL),0.6666666666666666,0.5341880341880342,0.9983333333333334
0_Baseline,HUST_Gearbox,Diagnosis,Cond_L1_VS_0_40_0,MLP (TL),0.8333333333333334,0.8222222222222223,0.9616666666666666
0_Baseline,HUST_Gearbox,Diagnosis,Cond_L1_VS_0_40_0,TABNET (TL),0.9,0.8976982097186701,1.0
0_Baseline,HUST_Gearbox,Diagnosis,Cond_L2_VS_0_40_0,MLP (TL),0.7000000000000001,0.6238244514106583,0.9666666666666667
0_Baseline,HUST_Gearbox,Diagnosis,Cond_L2_VS_0_40_0,TABNET (TL),0.9333333333333332,0.9326599326599326,1.0
0_Baseline,HUST_Gearbox,Diagnosis,Cond_L3_VS_0_40_0,MLP (TL),0.7666666666666666,0.7340930674264007,1.0
0_Baseline,HUST_Gearbox,Diagnosis,Cond_L3_VS_0_40_0,TABNET (TL),0.7666666666666666,0.7340930674264007,1.0
0_Baseline,HUST_Gearbox,Diagnosis,Cond_L4_VS_0_40_0,MLP (TL),0.9333333333333332,0.9326599326599326,1.0
0_Baseline,HUST_Gearbox,Diagnosis,Cond_L4_VS_0_40_0,TABNET (TL),0.9,0.8976982097186701,1.0
0_Baseline,CWRU_48k,Diagnosis,Load_0HP_Sev_0.007,MLP (TL),0.3666666666666667,0.3292847503373819,0.5516666666666666
0_Baseline,CWRU_48k,Diagnosis,Load_0HP_Sev_0.007,TABNET (TL),0.5,0.4000000000000001,0.8333333333333334
0_Baseline,CWRU_48k,Diagnosis,Load_0HP_Sev_0.014,MLP (TL),0.35,0.2206060606060606,0.0
0_Baseline,CWRU_48k,Diagnosis,Load_0HP_Sev_0.014,TABNET (TL),0.1,0.06060606060606061,0.0
0_Baseline,CWRU_48k,Diagnosis,Load_0HP_Sev_0.021,MLP (TL),0.5833333333333334,0.5252525252525252,0.8035714285714285
0_Baseline,CWRU_48k,Diagnosis,Load_0HP_Sev_0.021,TABNET (TL),0.75,0.7565217391304347,1.0
0_Baseline,CWRU_48k,Diagnosis,Load_1HP_Sev_0.007,MLP (TL),0.8666666666666667,0.8611111111111112,1.0
0_Baseline,CWRU_48k,Diagnosis,Load_1HP_Sev_0.007,TABNET (TL),0.8166666666666668,0.8016677935542033,0.9733333333333333
0_Baseline,CWRU_48k,Diagnosis,Load_1HP_Sev_0.014,MLP (TL),0.5,0.42122719734660025,0.9034313725490195
0_Baseline,CWRU_48k,Diagnosis,Load_1HP_Sev_0.014,TABNET (TL),0.5880952380952381,0.5688995215311005,0.7380952380952381
0_Baseline,CWRU_48k,Diagnosis,Load_1HP_Sev_0.021,MLP (TL),0.7000000000000001,0.6904761904761906,0.9383333333333334
0_Baseline,CWRU_48k,Diagnosis,Load_1HP_Sev_0.021,TABNET (TL),0.8333333333333334,0.8174603174603173,0.9874999999999999
0_Baseline,CWRU_48k,Diagnosis,Load_2HP_Sev_0.007,MLP (TL),0.35000000000000003,0.3698924731182796,0.7174999999999999
0_Baseline,CWRU_48k,Diagnosis,Load_2HP_Sev_0.007,TABNET (TL),0.5,0.4000000000000001,0.9162500000000001
0_Baseline,CWRU_48k,Diagnosis,Load_2HP_Sev_0.014,MLP (TL),0.31666666666666665,0.18357487922705315,0.5804166666666667
0_Baseline,CWRU_48k,Diagnosis,Load_2HP_Sev_0.014,TABNET (TL),0.3666666666666667,0.3065861374748346,0.66
0_Baseline,CWRU_48k,Diagnosis,Load_2HP_Sev_0.021,MLP (TL),0.5833333333333334,0.5606837606837606,0.8516666666666667
0_Baseline,CWRU_48k,Diagnosis,Load_2HP_Sev_0.021,TABNET (TL),0.6166666666666667,0.5844653430860327,0.8779166666666667
0_Baseline,CWRU_48k,Diagnosis,Load_3HP_Sev_0.007,MLP (TL),0.85,0.8420013166556947,0.98375
0_Baseline,CWRU_48k,Diagnosis,Load_3HP_Sev_0.007,TABNET (TL),0.5,0.4044117647058824,0.82
0_Baseline,CWRU_48k,Diagnosis,Load_3HP_Sev_0.014,MLP (TL),0.3666666666666667,0.2927873678576208,0.47750000000000004
0_Baseline,CWRU_48k,Diagnosis,Load_3HP_Sev_0.014,TABNET (TL),0.5833333333333334,0.5690172003760854,0.8429166666666666
0_Baseline,CWRU_48k,Diagnosis,Load_3HP_Sev_0.021,MLP (TL),0.6333333333333333,0.6411862990810359,0.7575
0_Baseline,CWRU_48k,Diagnosis,Load_3HP_Sev_0.021,TABNET (TL),0.7000000000000001,0.7021072796934865,0.9979166666666667
1_Estrategia_A,CWRU_12k,Diagnosis,Load_0HP,MLP (TL),0.7637426900584796,0.6947738531370244,0.9101037527762496
1_Estrategia_A,CWRU_12k,Diagnosis,Load_0HP,TABNET (TL),0.8084064327485381,0.8043636521305353,0.9275559961896611
1_Estrategia_A,CWRU_12k,Diagnosis,Load_1HP,MLP (TL),0.7247807017543859,0.6770089349795937,0.9352456458174421
1_Estrategia_A,CWRU_12k,Diagnosis,Load_1HP,TABNET (TL),0.8472222222222222,0.8477146306719477,0.9545662979913552
1_Estrategia_A,CWRU_12k,Diagnosis,Load_2HP,MLP (TL),0.7741228070175439,0.7639477527644725,0.9051247775235189
1_Estrategia_A,CWRU_12k,Diagnosis,Load_2HP,TABNET (TL),0.7932748538011696,0.7784608105019456,0.9388982329010933
1_Estrategia_A,CWRU_12k,Diagnosis,Load_3HP,MLP (TL),0.7389619883040935,0.7089496132028276,0.90447052186626
1_Estrategia_A,CWRU_12k,Diagnosis,Load_3HP,TABNET (TL),0.7597222222222222,0.7264089346817684,0.9224156178489702
1_Estrategia_A,UOEMD,Diagnosis,Load_Loaded_Speed_15Hz,MLP (TL),0.425,0.3547101449275362,0.7762500000000001
1_Estrategia_A,UOEMD,Diagnosis,Load_Loaded_Speed_15Hz,TABNET (TL),0.425,0.3359173126614987,0.7773214285714285
1_Estrategia_A,UOEMD,Diagnosis,Load_Loaded_Speed_30Hz,MLP (TL),0.6,0.5078780161547564,0.9510714285714286
1_Estrategia_A,UOEMD,Diagnosis,Load_Loaded_Speed_30Hz,TABNET (TL),0.3875,0.3352272727272727,0.9016071428571429
1_Estrategia_A,UOEMD,Diagnosis,Load_Loaded_Speed_45Hz,MLP (TL),0.2375,0.11183121897407612,0.7953571428571429
1_Estrategia_A,UOEMD,Diagnosis,Load_Loaded_Speed_45Hz,TABNET (TL),0.5125,0.3991228070175439,0.965
1_Estrategia_A,UOEMD,Diagnosis,Load_Loaded_Speed_60Hz,MLP (TL),0.32499999999999996,0.2830184861434861,0.8239285714285715
1_Estrategia_A,UOEMD,Diagnosis,Load_Loaded_Speed_60Hz,TABNET (TL),0.375,0.2735690235690236,0.9108928571428572
1_Estrategia_A,UOEMD,Diagnosis,Load_Loaded_Speed_Dec_45_to_15Hz,MLP (TL),0.4625,0.41592419018889604,0.8096428571428571
1_Estrategia_A,UOEMD,Diagnosis,Load_Loaded_Speed_Dec_45_to_15Hz,TABNET (TL),0.55,0.5327826065255338,0.8117857142857143
1_Estrategia_A,UOEMD,Diagnosis,Load_Loaded_Speed_Dec_60_to_30Hz,MLP (TL),0.5,0.43476291150709756,0.8907142857142857
1_Estrategia_A,UOEMD,Diagnosis,Load_Loaded_Speed_Dec_60_to_30Hz,TABNET (TL),0.475,0.4123600985303113,0.8592857142857143
1_Estrategia_A,UOEMD,Diagnosis,Load_Loaded_Speed_Inc_15_to_45Hz,MLP (TL),0.4,0.3732978043833307,0.7855357142857142
1_Estrategia_A,UOEMD,Diagnosis,Load_Loaded_Speed_Inc_15_to_45Hz,TABNET (TL),0.48750000000000004,0.3980830572935836,0.86
1_Estrategia_A,UOEMD,Diagnosis,Load_Loaded_Speed_Inc_30_to_60Hz,MLP (TL),0.4625,0.4195509453781513,0.8280357142857143
1_Estrategia_A,UOEMD,Diagnosis,Load_Loaded_Speed_Inc_30_to_60Hz,TABNET (TL),0.42500000000000004,0.3767460317460317,0.8058928571428572
1_Estrategia_A,UOEMD,Diagnosis,Load_No_Load_Speed_15Hz,MLP (TL),0.275,0.20220588235294118,0.7371428571428572
1_Estrategia_A,UOEMD,Diagnosis,Load_No_Load_Speed_15Hz,TABNET (TL),0.5125,0.407972027972028,0.8594642857142857
1_Estrategia_A,UOEMD,Diagnosis,Load_No_Load_Speed_30Hz,MLP (TL),0.425,0.3456959706959707,0.8014285714285715
1_Estrategia_A,UOEMD,Diagnosis,Load_No_Load_Speed_30Hz,TABNET (TL),0.4375,0.3666947014297729,0.8301785714285714
1_Estrategia_A,UOEMD,Diagnosis,Load_No_Load_Speed_45Hz,MLP (TL),0.6375,0.573747680890538,0.8876785714285714
1_Estrategia_A,UOEMD,Diagnosis,Load_No_Load_Speed_45Hz,TABNET (TL),0.5,0.47115384615384615,0.9116071428571428
1_Estrategia_A,UOEMD,Diagnosis,Load_No_Load_Speed_60Hz,MLP (TL),0.48750000000000004,0.3888736263736263,0.8158928571428571
1_Estrategia_A,UOEMD,Diagnosis,Load_No_Load_Speed_60Hz,TABNET (TL),0.4125,0.33448147088736335,0.7823214285714286
1_Estrategia_A,UOEMD,Diagnosis,Load_No_Load_Speed_Dec_45_to_15Hz,MLP (TL),0.5625,0.5239128406121687,0.8080357142857143
1_Estrategia_A,UOEMD,Diagnosis,Load_No_Load_Speed_Dec_45_to_15Hz,TABNET (TL),0.6375,0.5634300384300385,0.8957142857142857
1_Estrategia_A,UOEMD,Diagnosis,Load_No_Load_Speed_Dec_60_to_30Hz,MLP (TL),0.6125,0.5668623481781376,0.8919642857142857
1_Estrategia_A,UOEMD,Diagnosis,Load_No_Load_Speed_Dec_60_to_30Hz,TABNET (TL),0.575,0.5150605898961162,0.8523214285714287
1_Estrategia_A,UOEMD,Diagnosis,Load_No_Load_Speed_Inc_15_to_45Hz,MLP (TL),0.5875,0.5539866587660706,0.8728571428571428
1_Estrategia_A,UOEMD,Diagnosis,Load_No_Load_Speed_Inc_15_to_45Hz,TABNET (TL),0.6000000000000001,0.56819868965893,0.8933928571428571
1_Estrategia_A,UOEMD,Diagnosis,Load_No_Load_Speed_Inc_30_to_60Hz,MLP (TL),0.44999999999999996,0.4322031399972577,0.8905357142857142
1_Estrategia_A,UOEMD,Diagnosis,Load_No_Load_Speed_Inc_30_to_60Hz,TABNET (TL),0.5875,0.5575830419580419,0.8671428571428571
1_Estrategia_A,HUST_Gearbox,Diagnosis,Cond_20_0,MLP (TL),0.8333333333333334,0.8222222222222223,1.0
1_Estrategia_A,HUST_Gearbox,Diagnosis,Cond_20_0,TABNET (TL),1.0,1.0,1.0
1_Estrategia_A,HUST_Gearbox,Diagnosis,Cond_20_1,MLP (TL),0.8333333333333334,0.8329156223893066,0.9550000000000001
1_Estrategia_A,HUST_Gearbox,Diagnosis,Cond_20_1,TABNET (TL),0.6666666666666666,0.5555555555555555,1.0
1_Estrategia_A,HUST_Gearbox,Diagnosis,Cond_20_2,MLP (TL),0.7999999999999999,0.7802197802197802,1.0
1_Estrategia_A,HUST_Gearbox,Diagnosis,Cond_20_2,TABNET (TL),0.9666666666666667,0.9665831244778612,1.0
1_Estrategia_A,HUST_Gearbox,Diagnosis,Cond_20_3,MLP (TL),0.9666666666666667,0.9665831244778613,1.0
1_Estrategia_A,HUST_Gearbox,Diagnosis,Cond_20_3,TABNET (TL),0.3666666666666667,0.3650793650793651,0.6633333333333333
1_Estrategia_A,HUST_Gearbox,Diagnosis,Cond_20_4,MLP (TL),0.3666666666666667,0.2828282828282828,0.4416666666666667
1_Estrategia_A,HUST_Gearbox,Diagnosis,Cond_20_4,TABNET (TL),0.6666666666666666,0.5555555555555555,0.6633333333333334
1_Estrategia_A,HUST_Gearbox,Diagnosis,Cond_25_0,MLP (TL),1.0,1.0,1.0
1_Estrategia_A,HUST_Gearbox,Diagnosis,Cond_25_0,TABNET (TL),1.0,1.0,1.0
1_Estrategia_A,HUST_Gearbox,Diagnosis,Cond_25_1,MLP (TL),0.9333333333333332,0.9326599326599326,1.0
1_Estrategia_A,HUST_Gearbox,Diagnosis,Cond_25_1,TABNET (TL),1.0,1.0,1.0
1_Estrategia_A,HUST_Gearbox,Diagnosis,Cond_25_2,MLP (TL),0.6666666666666666,0.5555555555555555,0.86
1_Estrategia_A,HUST_Gearbox,Diagnosis,Cond_25_2,TABNET (TL),0.7000000000000001,0.6238244514106583,1.0
1_Estrategia_A,HUST_Gearbox,Diagnosis,Cond_25_3,MLP (TL),0.6666666666666666,0.5555555555555555,0.96
1_Estrategia_A,HUST_Gearbox,Diagnosis,Cond_25_3,TABNET (TL),0.8666666666666667,0.8611111111111112,0.9983333333333334
1_Estrategia_A,HUST_Gearbox,Diagnosis,Cond_25_4,MLP (TL),0.6666666666666666,0.5555555555555555,0.9700000000000001
1_Estrategia_A,HUST_Gearbox,Diagnosis,Cond_25_4,TABNET (TL),0.9666666666666667,0.9665831244778612,1.0
1_Estrategia_A,HUST_Gearbox,Diagnosis,Cond_30_0,MLP (TL),0.6666666666666666,0.5555555555555555,0.9683333333333334
1_Estrategia_A,HUST_Gearbox,Diagnosis,Cond_30_0,TABNET (TL),1.0,1.0,1.0
1_Estrategia_A,HUST_Gearbox,Diagnosis,Cond_30_1,MLP (TL),0.6,0.5891402714932127,0.9733333333333333
1_Estrategia_A,HUST_Gearbox,Diagnosis,Cond_30_1,TABNET (TL),1.0,1.0,1.0
1_Estrategia_A,HUST_Gearbox,Diagnosis,Cond_30_2,MLP (TL),1.0,1.0,1.0
1_Estrategia_A,HUST_Gearbox,Diagnosis,Cond_30_2,TABNET (TL),1.0,1.0,1.0
1_Estrategia_A,HUST_Gearbox,Diagnosis,Cond_30_3,MLP (TL),1.0,1.0,1.0
1_Estrategia_A,HUST_Gearbox,Diagnosis,Cond_30_3,TABNET (TL),1.0,1.0,1.0
1_Estrategia_A,HUST_Gearbox,Diagnosis,Cond_30_4,MLP (TL),0.6666666666666666,0.5555555555555555,1.0
1_Estrategia_A,HUST_Gearbox,Diagnosis,Cond_30_4,TABNET (TL),0.7666666666666666,0.7340930674264007,1.0
1_Estrategia_A,HUST_Gearbox,Diagnosis,Cond_35_0,MLP (TL),0.7999999999999999,0.7802197802197801,1.0
1_Estrategia_A,HUST_Gearbox,Diagnosis,Cond_35_0,TABNET (TL),0.9,0.8976982097186701,0.9583333333333334
1_Estrategia_A,HUST_Gearbox,Diagnosis,Cond_35_1,MLP (TL),1.0,1.0,1.0
1_Estrategia_A,HUST_Gearbox,Diagnosis,Cond_35_1,TABNET (TL),1.0,1.0,1.0
1_Estrategia_A,HUST_Gearbox,Diagnosis,Cond_35_2,MLP (TL),1.0,1.0,1.0
1_Estrategia_A,HUST_Gearbox,Diagnosis,Cond_35_2,TABNET (TL),1.0,1.0,1.0
1_Estrategia_A,HUST_Gearbox,Diagnosis,Cond_35_3,MLP (TL),1.0,1.0,1.0
1_Estrategia_A,HUST_Gearbox,Diagnosis,Cond_35_3,TABNET (TL),1.0,1.0,1.0
1_Estrategia_A,HUST_Gearbox,Diagnosis,Cond_35_4,MLP (TL),0.6,0.5079365079365079,0.9333333333333332
1_Estrategia_A,HUST_Gearbox,Diagnosis,Cond_35_4,TABNET (TL),0.7000000000000001,0.6238244514106583,0.6883333333333334
1_Estrategia_A,HUST_Gearbox,Diagnosis,Cond_40_0,MLP (TL),0.8666666666666667,0.8611111111111112,1.0
1_Estrategia_A,HUST_Gearbox,Diagnosis,Cond_40_0,TABNET (TL),0.7333333333333334,0.6825396825396827,1.0
1_Estrategia_A,HUST_Gearbox,Diagnosis,Cond_40_1,MLP (TL),1.0,1.0,1.0
1_Estrategia_A,HUST_Gearbox,Diagnosis,Cond_40_1,TABNET (TL),0.6666666666666666,0.5555555555555555,1.0
1_Estrategia_A,HUST_Gearbox,Diagnosis,Cond_40_2,MLP (TL),1.0,1.0,1.0
1_Estrategia_A,HUST_Gearbox,Diagnosis,Cond_40_2,TABNET (TL),0.6,0.5046296296296297,0.9783333333333334
1_Estrategia_A,HUST_Gearbox,Diagnosis,Cond_40_3,MLP (TL),1.0,1.0,1.0
1_Estrategia_A,HUST_Gearbox,Diagnosis,Cond_40_3,TABNET (TL),1.0,1.0,1.0
1_Estrategia_A,HUST_Gearbox,Diagnosis,Cond_40_4,MLP (TL),0.9333333333333332,0.9326599326599326,0.9916666666666667
1_Estrategia_A,HUST_Gearbox,Diagnosis,Cond_40_4,TABNET (TL),1.0,1.0,1.0
1_Estrategia_A,HUST_Gearbox,Diagnosis,Cond_L0_VS_0_40_0,MLP (TL),1.0,1.0,1.0
1_Estrategia_A,HUST_Gearbox,Diagnosis,Cond_L0_VS_0_40_0,TABNET (TL),0.6666666666666666,0.5555555555555555,0.7283333333333334
1_Estrategia_A,HUST_Gearbox,Diagnosis,Cond_L1_VS_0_40_0,MLP (TL),1.0,1.0,1.0
1_Estrategia_A,HUST_Gearbox,Diagnosis,Cond_L1_VS_0_40_0,TABNET (TL),0.8666666666666667,0.8611111111111112,0.9916666666666667
1_Estrategia_A,HUST_Gearbox,Diagnosis,Cond_L2_VS_0_40_0,MLP (TL),0.9666666666666667,0.9665831244778613,1.0
1_Estrategia_A,HUST_Gearbox,Diagnosis,Cond_L2_VS_0_40_0,TABNET (TL),0.7999999999999999,0.7802197802197802,1.0
1_Estrategia_A,HUST_Gearbox,Diagnosis,Cond_L3_VS_0_40_0,MLP (TL),0.6666666666666666,0.5555555555555555,0.9016666666666667
1_Estrategia_A,HUST_Gearbox,Diagnosis,Cond_L3_VS_0_40_0,TABNET (TL),0.6666666666666666,0.5555555555555555,1.0
1_Estrategia_A,HUST_Gearbox,Diagnosis,Cond_L4_VS_0_40_0,MLP (TL),0.9666666666666667,0.9665831244778612,1.0
1_Estrategia_A,HUST_Gearbox,Diagnosis,Cond_L4_VS_0_40_0,TABNET (TL),1.0,1.0,1.0
1_Estrategia_A,CWRU_48k,Diagnosis,Load_0HP_Sev_0.007,MLP (TL),0.5,0.4444444444444444,0.7983333333333335
1_Estrategia_A,CWRU_48k,Diagnosis,Load_0HP_Sev_0.007,TABNET (TL),0.5,0.47963800904977383,0.7200000000000001
1_Estrategia_A,CWRU_48k,Diagnosis,Load_0HP_Sev_0.014,MLP (TL),0.15000000000000002,0.13468013468013468,0.0
1_Estrategia_A,CWRU_48k,Diagnosis,Load_0HP_Sev_0.014,TABNET (TL),0.9,0.6296296296296297,0.0
1_Estrategia_A,CWRU_48k,Diagnosis,Load_0HP_Sev_0.021,MLP (TL),0.6666666666666666,0.48148148148148145,0.9666666666666667
1_Estrategia_A,CWRU_48k,Diagnosis,Load_0HP_Sev_0.021,TABNET (TL),0.8333333333333334,0.8744588744588744,1.0
1_Estrategia_A,CWRU_48k,Diagnosis,Load_1HP_Sev_0.007,MLP (TL),0.8833333333333333,0.8776845871225509,0.9883333333333333
1_Estrategia_A,CWRU_48k,Diagnosis,Load_1HP_Sev_0.007,TABNET (TL),0.8333333333333334,0.8222222222222223,0.9995833333333334
1_Estrategia_A,CWRU_48k,Diagnosis,Load_1HP_Sev_0.014,MLP (TL),0.9595238095238096,0.9632342965676299,0.9975490196078431
1_Estrategia_A,CWRU_48k,Diagnosis,Load_1HP_Sev_0.014,TABNET (TL),0.7999999999999999,0.7840112201963535,0.8480392156862745
1_Estrategia_A,CWRU_48k,Diagnosis,Load_1HP_Sev_0.021,MLP (TL),0.8166666666666668,0.7987664704233249,0.9895833333333334
1_Estrategia_A,CWRU_48k,Diagnosis,Load_1HP_Sev_0.021,TABNET (TL),0.9833333333333334,0.9833229101521784,0.9991666666666666
1_Estrategia_A,CWRU_48k,Diagnosis,Load_2HP_Sev_0.007,MLP (TL),0.6666666666666666,0.6666666666666666,0.9583333333333334
1_Estrategia_A,CWRU_48k,Diagnosis,Load_2HP_Sev_0.007,TABNET (TL),0.7333333333333334,0.7172410505743839,0.9304166666666666
1_Estrategia_A,CWRU_48k,Diagnosis,Load_2HP_Sev_0.014,MLP (TL),0.4666666666666666,0.3958585858585859,0.7333333333333334
1_Estrategia_A,CWRU_48k,Diagnosis,Load_2HP_Sev_0.014,TABNET (TL),0.8333333333333334,0.8284970596741541,0.9808333333333333
1_Estrategia_A,CWRU_48k,Diagnosis,Load_2HP_Sev_0.021,MLP (TL),0.6833333333333332,0.6405122655122655,0.8666666666666667
1_Estrategia_A,CWRU_48k,Diagnosis,Load_2HP_Sev_0.021,TABNET (TL),0.8666666666666667,0.8611111111111112,1.0
1_Estrategia_A,CWRU_48k,Diagnosis,Load_3HP_Sev_0.007,MLP (TL),0.43333333333333335,0.4296296296296296,0.6045833333333333
1_Estrategia_A,CWRU_48k,Diagnosis,Load_3HP_Sev_0.007,TABNET (TL),0.7833333333333333,0.7544530146156162,0.8129166666666667
1_Estrategia_A,CWRU_48k,Diagnosis,Load_3HP_Sev_0.014,MLP (TL),0.45,0.39229587616684386,0.5408333333333334
1_Estrategia_A,CWRU_48k,Diagnosis,Load_3HP_Sev_0.014,TABNET (TL),0.75,0.746031746031746,0.8620833333333334
1_Estrategia_A,CWRU_48k,Diagnosis,Load_3HP_Sev_0.021,MLP (TL),0.6666666666666666,0.658688387635756,0.80625
1_Estrategia_A,CWRU_48k,Diagnosis,Load_3HP_Sev_0.021,TABNET (TL),0.7833333333333333,0.757745166550198,0.9395833333333333
2_Estrategia_B,CWRU_12k,Diagnosis,Load_0HP,MLP (TL),0.787719298245614,0.786277041025752,0.915112374432015
2_Estrategia_B,CWRU_12k,Diagnosis,Load_0HP,TABNET (TL),0.6963084795321637,0.6612513603073371,0.8928657215319803
2_Estrategia_B,CWRU_12k,Diagnosis,Load_1HP,MLP (TL),0.7015350877192983,0.688991948300641,0.8828834541062802
2_Estrategia_B,CWRU_12k,Diagnosis,Load_1HP,TABNET (TL),0.7948830409356725,0.780259837666223,0.9395372489193999
2_Estrategia_B,CWRU_12k,Diagnosis,Load_2HP,MLP (TL),0.7937134502923977,0.768395891556714,0.9296006547165014
2_Estrategia_B,CWRU_12k,Diagnosis,Load_2HP,TABNET (TL),0.7839912280701755,0.764066894391516,0.951005244088482
2_Estrategia_B,CWRU_12k,Diagnosis,Load_3HP,MLP (TL),0.662061403508772,0.6151751140768205,0.8888682621408595
2_Estrategia_B,CWRU_12k,Diagnosis,Load_3HP,TABNET (TL),0.7706871345029239,0.7599101519950182,0.9126413361301805
2_Estrategia_B,UOEMD,Diagnosis,Load_Loaded_Speed_15Hz,MLP (TL),0.3875,0.23928176286188457,0.7207142857142858
2_Estrategia_B,UOEMD,Diagnosis,Load_Loaded_Speed_15Hz,TABNET (TL),0.375,0.29166666666666663,0.7949999999999999
2_Estrategia_B,UOEMD,Diagnosis,Load_Loaded_Speed_30Hz,MLP (TL),0.5625,0.4847883597883598,0.8791071428571429
2_Estrategia_B,UOEMD,Diagnosis,Load_Loaded_Speed_30Hz,TABNET (TL),0.5875,0.4935661764705882,0.9858928571428571
2_Estrategia_B,UOEMD,Diagnosis,Load_Loaded_Speed_45Hz,MLP (TL),0.4125,0.35836627140974964,0.8273214285714285
2_Estrategia_B,UOEMD,Diagnosis,Load_Loaded_Speed_45Hz,TABNET (TL),0.4,0.32715744400527014,0.8266071428571429
2_Estrategia_B,UOEMD,Diagnosis,Load_Loaded_Speed_60Hz,MLP (TL),0.3125,0.2889784946236559,0.7173214285714286
2_Estrategia_B,UOEMD,Diagnosis,Load_Loaded_Speed_60Hz,TABNET (TL),0.46249999999999997,0.3941343743975323,0.8330357142857143
2_Estrategia_B,UOEMD,Diagnosis,Load_Loaded_Speed_Dec_45_to_15Hz,MLP (TL),0.5375,0.46613029269678885,0.8460714285714286
2_Estrategia_B,UOEMD,Diagnosis,Load_Loaded_Speed_Dec_45_to_15Hz,TABNET (TL),0.525,0.49737219424719425,0.8823214285714285
2_Estrategia_B,UOEMD,Diagnosis,Load_Loaded_Speed_Dec_60_to_30Hz,MLP (TL),0.4625,0.4110344738814578,0.8839285714285714
2_Estrategia_B,UOEMD,Diagnosis,Load_Loaded_Speed_Dec_60_to_30Hz,TABNET (TL),0.5125,0.438964810675337,0.8162499999999999
2_Estrategia_B,UOEMD,Diagnosis,Load_Loaded_Speed_Inc_15_to_45Hz,MLP (TL),0.5375000000000001,0.4961379551820728,0.8426785714285714
2_Estrategia_B,UOEMD,Diagnosis,Load_Loaded_Speed_Inc_15_to_45Hz,TABNET (TL),0.5375000000000001,0.5071897235905857,0.88625
2_Estrategia_B,UOEMD,Diagnosis,Load_Loaded_Speed_Inc_30_to_60Hz,MLP (TL),0.5125000000000001,0.43248146425895784,0.8666071428571429
2_Estrategia_B,UOEMD,Diagnosis,Load_Loaded_Speed_Inc_30_to_60Hz,TABNET (TL),0.4625,0.3911519871106337,0.8278571428571428
2_Estrategia_B,UOEMD,Diagnosis,Load_No_Load_Speed_15Hz,MLP (TL),0.475,0.4103705978705979,0.8508928571428571
2_Estrategia_B,UOEMD,Diagnosis,Load_No_Load_Speed_15Hz,TABNET (TL),0.3125,0.22602397602397603,0.72375
2_Estrategia_B,UOEMD,Diagnosis,Load_No_Load_Speed_30Hz,MLP (TL),0.5875,0.49918929831272046,0.9376785714285714
2_Estrategia_B,UOEMD,Diagnosis,Load_No_Load_Speed_30Hz,TABNET (TL),0.4,0.33918482647296205,0.7592857142857143
2_Estrategia_B,UOEMD,Diagnosis,Load_No_Load_Speed_45Hz,MLP (TL),0.6875,0.6047619047619048,0.9321428571428572
2_Estrategia_B,UOEMD,Diagnosis,Load_No_Load_Speed_45Hz,TABNET (TL),0.3625,0.2846153846153846,0.8255357142857143
2_Estrategia_B,UOEMD,Diagnosis,Load_No_Load_Speed_60Hz,MLP (TL),0.5,0.3839285714285714,0.78125
2_Estrategia_B,UOEMD,Diagnosis,Load_No_Load_Speed_60Hz,TABNET (TL),0.4,0.353030303030303,0.8326785714285714
2_Estrategia_B,UOEMD,Diagnosis,Load_No_Load_Speed_Dec_45_to_15Hz,MLP (TL),0.6125,0.5640175388337153,0.8685714285714285
2_Estrategia_B,UOEMD,Diagnosis,Load_No_Load_Speed_Dec_45_to_15Hz,TABNET (TL),0.5,0.471218487394958,0.8567857142857143
2_Estrategia_B,UOEMD,Diagnosis,Load_No_Load_Speed_Dec_60_to_30Hz,MLP (TL),0.5375,0.472101819649848,0.8825000000000001
2_Estrategia_B,UOEMD,Diagnosis,Load_No_Load_Speed_Dec_60_to_30Hz,TABNET (TL),0.6000000000000001,0.5944252459437882,0.8928571428571428
2_Estrategia_B,UOEMD,Diagnosis,Load_No_Load_Speed_Inc_15_to_45Hz,MLP (TL),0.42500000000000004,0.36937073074843974,0.7698214285714287
2_Estrategia_B,UOEMD,Diagnosis,Load_No_Load_Speed_Inc_15_to_45Hz,TABNET (TL),0.4875,0.4291501976284585,0.8933928571428571
2_Estrategia_B,UOEMD,Diagnosis,Load_No_Load_Speed_Inc_30_to_60Hz,MLP (TL),0.6124999999999999,0.5920293929663001,0.9199999999999999
2_Estrategia_B,UOEMD,Diagnosis,Load_No_Load_Speed_Inc_30_to_60Hz,TABNET (TL),0.575,0.5811063936063936,0.8892857142857143
2_Estrategia_B,HUST_Gearbox,Diagnosis,Cond_20_0,MLP (TL),1.0,1.0,1.0
2_Estrategia_B,HUST_Gearbox,Diagnosis,Cond_20_0,TABNET (TL),0.6666666666666666,0.5555555555555555,1.0
2_Estrategia_B,HUST_Gearbox,Diagnosis,Cond_20_1,MLP (TL),0.9,0.8976982097186701,1.0
2_Estrategia_B,HUST_Gearbox,Diagnosis,Cond_20_1,TABNET (TL),0.6666666666666666,0.5555555555555555,1.0
2_Estrategia_B,HUST_Gearbox,Diagnosis,Cond_20_2,MLP (TL),0.6666666666666666,0.5555555555555555,0.5
2_Estrategia_B,HUST_Gearbox,Diagnosis,Cond_20_2,TABNET (TL),0.9666666666666667,0.9665831244778612,1.0
2_Estrategia_B,HUST_Gearbox,Diagnosis,Cond_20_3,MLP (TL),0.7999999999999999,0.7802197802197801,1.0
2_Estrategia_B,HUST_Gearbox,Diagnosis,Cond_20_3,TABNET (TL),0.6666666666666666,0.5555555555555555,0.7516666666666666
2_Estrategia_B,HUST_Gearbox,Diagnosis,Cond_20_4,MLP (TL),0.6666666666666666,0.5555555555555555,0.96
2_Estrategia_B,HUST_Gearbox,Diagnosis,Cond_20_4,TABNET (TL),0.6666666666666666,0.5555555555555555,0.5066666666666667
2_Estrategia_B,HUST_Gearbox,Diagnosis,Cond_25_0,MLP (TL),0.8666666666666667,0.8611111111111112,1.0
2_Estrategia_B,HUST_Gearbox,Diagnosis,Cond_25_0,TABNET (TL),0.7999999999999999,0.7802197802197802,1.0
2_Estrategia_B,HUST_Gearbox,Diagnosis,Cond_25_1,MLP (TL),0.9666666666666667,0.9665831244778612,1.0
2_Estrategia_B,HUST_Gearbox,Diagnosis,Cond_25_1,TABNET (TL),0.9666666666666667,0.9665831244778612,1.0
2_Estrategia_B,HUST_Gearbox,Diagnosis,Cond_25_2,MLP (TL),0.6666666666666666,0.5555555555555555,1.0
2_Estrategia_B,HUST_Gearbox,Diagnosis,Cond_25_2,TABNET (TL),0.6666666666666666,0.5555555555555555,0.9116666666666666
2_Estrategia_B,HUST_Gearbox,Diagnosis,Cond_25_3,MLP (TL),0.6333333333333333,0.5402298850574713,0.6566666666666667
2_Estrategia_B,HUST_Gearbox,Diagnosis,Cond_25_3,TABNET (TL),0.6666666666666666,0.5555555555555555,0.5
2_Estrategia_B,HUST_Gearbox,Diagnosis,Cond_25_4,MLP (TL),0.6666666666666666,0.5555555555555555,0.9966666666666667
2_Estrategia_B,HUST_Gearbox,Diagnosis,Cond_25_4,TABNET (TL),1.0,1.0,1.0
2_Estrategia_B,HUST_Gearbox,Diagnosis,Cond_30_0,MLP (TL),0.5666666666666668,0.5243295019157088,0.8716666666666667
2_Estrategia_B,HUST_Gearbox,Diagnosis,Cond_30_0,TABNET (TL),0.6666666666666666,0.5555555555555555,1.0
2_Estrategia_B,HUST_Gearbox,Diagnosis,Cond_30_1,MLP (TL),1.0,1.0,1.0
2_Estrategia_B,HUST_Gearbox,Diagnosis,Cond_30_1,TABNET (TL),0.9666666666666667,0.9665831244778613,1.0
2_Estrategia_B,HUST_Gearbox,Diagnosis,Cond_30_2,MLP (TL),1.0,1.0,1.0
2_Estrategia_B,HUST_Gearbox,Diagnosis,Cond_30_2,TABNET (TL),0.9666666666666667,0.9665831244778613,1.0
2_Estrategia_B,HUST_Gearbox,Diagnosis,Cond_30_3,MLP (TL),0.9333333333333332,0.933249791144528,0.9983333333333334
2_Estrategia_B,HUST_Gearbox,Diagnosis,Cond_30_3,TABNET (TL),1.0,1.0,1.0
2_Estrategia_B,HUST_Gearbox,Diagnosis,Cond_30_4,MLP (TL),0.8666666666666667,0.8611111111111112,1.0
2_Estrategia_B,HUST_Gearbox,Diagnosis,Cond_30_4,TABNET (TL),1.0,1.0,1.0
2_Estrategia_B,HUST_Gearbox,Diagnosis,Cond_35_0,MLP (TL),1.0,1.0,1.0
2_Estrategia_B,HUST_Gearbox,Diagnosis,Cond_35_0,TABNET (TL),1.0,1.0,1.0
2_Estrategia_B,HUST_Gearbox,Diagnosis,Cond_35_1,MLP (TL),0.9666666666666667,0.9665831244778613,1.0
2_Estrategia_B,HUST_Gearbox,Diagnosis,Cond_35_1,TABNET (TL),1.0,1.0,1.0
2_Estrategia_B,HUST_Gearbox,Diagnosis,Cond_35_2,MLP (TL),1.0,1.0,1.0
2_Estrategia_B,HUST_Gearbox,Diagnosis,Cond_35_2,TABNET (TL),1.0,1.0,1.0
2_Estrategia_B,HUST_Gearbox,Diagnosis,Cond_35_3,MLP (TL),1.0,1.0,1.0
2_Estrategia_B,HUST_Gearbox,Diagnosis,Cond_35_3,TABNET (TL),1.0,1.0,1.0
2_Estrategia_B,HUST_Gearbox,Diagnosis,Cond_35_4,MLP (TL),0.5666666666666667,0.46759259259259256,0.5333333333333333
2_Estrategia_B,HUST_Gearbox,Diagnosis,Cond_35_4,TABNET (TL),0.6333333333333333,0.5166666666666667,0.6566666666666666
2_Estrategia_B,HUST_Gearbox,Diagnosis,Cond_40_0,MLP (TL),0.6666666666666666,0.5555555555555555,0.8616666666666667
2_Estrategia_B,HUST_Gearbox,Diagnosis,Cond_40_0,TABNET (TL),0.8333333333333334,0.8283298826777088,0.9916666666666667
2_Estrategia_B,HUST_Gearbox,Diagnosis,Cond_40_1,MLP (TL),0.9666666666666667,0.9665831244778613,1.0
2_Estrategia_B,HUST_Gearbox,Diagnosis,Cond_40_1,TABNET (TL),0.6666666666666666,0.5555555555555555,1.0
2_Estrategia_B,HUST_Gearbox,Diagnosis,Cond_40_2,MLP (TL),1.0,1.0,1.0
2_Estrategia_B,HUST_Gearbox,Diagnosis,Cond_40_2,TABNET (TL),0.9666666666666667,0.9665831244778613,1.0
2_Estrategia_B,HUST_Gearbox,Diagnosis,Cond_40_3,MLP (TL),1.0,1.0,1.0
2_Estrategia_B,HUST_Gearbox,Diagnosis,Cond_40_3,TABNET (TL),1.0,1.0,1.0
2_Estrategia_B,HUST_Gearbox,Diagnosis,Cond_40_4,MLP (TL),1.0,1.0,1.0
2_Estrategia_B,HUST_Gearbox,Diagnosis,Cond_40_4,TABNET (TL),0.7999999999999999,0.7944219523166892,1.0
2_Estrategia_B,HUST_Gearbox,Diagnosis,Cond_L0_VS_0_40_0,MLP (TL),0.6666666666666666,0.5367686527106817,0.9483333333333334
2_Estrategia_B,HUST_Gearbox,Diagnosis,Cond_L0_VS_0_40_0,TABNET (TL),0.8333333333333334,0.8222222222222223,1.0
2_Estrategia_B,HUST_Gearbox,Diagnosis,Cond_L1_VS_0_40_0,MLP (TL),0.8333333333333334,0.8222222222222223,1.0
2_Estrategia_B,HUST_Gearbox,Diagnosis,Cond_L1_VS_0_40_0,TABNET (TL),1.0,1.0,1.0
2_Estrategia_B,HUST_Gearbox,Diagnosis,Cond_L2_VS_0_40_0,MLP (TL),0.9666666666666667,0.9665831244778613,1.0
2_Estrategia_B,HUST_Gearbox,Diagnosis,Cond_L2_VS_0_40_0,TABNET (TL),0.9333333333333332,0.9326599326599326,1.0
2_Estrategia_B,HUST_Gearbox,Diagnosis,Cond_L3_VS_0_40_0,MLP (TL),0.9,0.8976982097186701,0.9866666666666667
2_Estrategia_B,HUST_Gearbox,Diagnosis,Cond_L3_VS_0_40_0,TABNET (TL),0.9666666666666667,0.9665831244778612,1.0
2_Estrategia_B,HUST_Gearbox,Diagnosis,Cond_L4_VS_0_40_0,MLP (TL),1.0,1.0,1.0
2_Estrategia_B,HUST_Gearbox,Diagnosis,Cond_L4_VS_0_40_0,TABNET (TL),1.0,1.0,1.0
2_Estrategia_B,CWRU_48k,Diagnosis,Load_0HP_Sev_0.007,MLP (TL),0.43333333333333335,0.46069389547650413,0.6733333333333333
2_Estrategia_B,CWRU_48k,Diagnosis,Load_0HP_Sev_0.007,TABNET (TL),0.8333333333333334,0.8222222222222223,1.0
2_Estrategia_B,CWRU_48k,Diagnosis,Load_0HP_Sev_0.014,MLP (TL),0.4,0.2857142857142857,0.0
2_Estrategia_B,CWRU_48k,Diagnosis,Load_0HP_Sev_0.014,TABNET (TL),0.5,0.39153439153439146,0.0
2_Estrategia_B,CWRU_48k,Diagnosis,Load_0HP_Sev_0.021,MLP (TL),0.8333333333333334,0.8585858585858586,0.9833333333333334
2_Estrategia_B,CWRU_48k,Diagnosis,Load_0HP_Sev_0.021,TABNET (TL),0.7833333333333333,0.7432306255835668,0.9583333333333334
2_Estrategia_B,CWRU_48k,Diagnosis,Load_1HP_Sev_0.007,MLP (TL),0.7999999999999999,0.7944219523166892,0.9966666666666667
2_Estrategia_B,CWRU_48k,Diagnosis,Load_1HP_Sev_0.007,TABNET (TL),0.9666666666666667,0.9665831244778613,0.9916666666666667
2_Estrategia_B,CWRU_48k,Diagnosis,Load_1HP_Sev_0.014,MLP (TL),0.65,0.6561642200739944,0.8871148459383753
2_Estrategia_B,CWRU_48k,Diagnosis,Load_1HP_Sev_0.014,TABNET (TL),0.85,0.8420013166556947,0.969607843137255
2_Estrategia_B,CWRU_48k,Diagnosis,Load_1HP_Sev_0.021,MLP (TL),0.8000000000000002,0.7951951951951952,0.9754166666666667
2_Estrategia_B,CWRU_48k,Diagnosis,Load_1HP_Sev_0.021,TABNET (TL),0.9,0.8976982097186701,0.99625
2_Estrategia_B,CWRU_48k,Diagnosis,Load_2HP_Sev_0.007,MLP (TL),0.8333333333333334,0.8222222222222223,0.9104166666666668
2_Estrategia_B,CWRU_48k,Diagnosis,Load_2HP_Sev_0.007,TABNET (TL),0.8333333333333334,0.8222222222222223,0.9387500000000001
2_Estrategia_B,CWRU_48k,Diagnosis,Load_2HP_Sev_0.014,MLP (TL),0.5,0.510989010989011,0.6254166666666667
2_Estrategia_B,CWRU_48k,Diagnosis,Load_2HP_Sev_0.014,TABNET (TL),0.6833333333333332,0.6777021919879064,0.8795833333333333
2_Estrategia_B,CWRU_48k,Diagnosis,Load_2HP_Sev_0.021,MLP (TL),0.9833333333333334,0.9833229101521784,1.0
2_Estrategia_B,CWRU_48k,Diagnosis,Load_2HP_Sev_0.021,TABNET (TL),1.0,1.0,1.0
2_Estrategia_B,CWRU_48k,Diagnosis,Load_3HP_Sev_0.007,MLP (TL),0.9833333333333334,0.9833229101521784,1.0
2_Estrategia_B,CWRU_48k,Diagnosis,Load_3HP_Sev_0.007,TABNET (TL),0.85,0.8420013166556947,1.0
2_Estrategia_B,CWRU_48k,Diagnosis,Load_3HP_Sev_0.014,MLP (TL),0.6,0.5665650232409406,0.9033333333333333
2_Estrategia_B,CWRU_48k,Diagnosis,Load_3HP_Sev_0.014,TABNET (TL),0.7333333333333334,0.7265871868204847,0.8762500000000001
2_Estrategia_B,CWRU_48k,Diagnosis,Load_3HP_Sev_0.021,MLP (TL),0.7999999999999999,0.7994987468671679,0.9354166666666668
2_Estrategia_B,CWRU_48k,Diagnosis,Load_3HP_Sev_0.021,TABNET (TL),0.9333333333333332,0.9315770677086616,1.0
3_Estrategia_C_com_A,CWRU_12k,Diagnosis,Load_0HP,MLP (TL),0.6806286549707603,0.6099956019451946,0.9140659490868092
3_Estrategia_C_com_A,CWRU_12k,Diagnosis,Load_0HP,TABNET (TL),0.6864035087719298,0.6849379616951502,0.8394974563780726
3_Estrategia_C_com_A,CWRU_12k,Diagnosis,Load_1HP,MLP (TL),0.6974415204678363,0.6522194483092147,0.9085379594820384
3_Estrategia_C_com_A,CWRU_12k,Diagnosis,Load_1HP,TABNET (TL),0.7649122807017543,0.7544298592548486,0.9186850368675312
3_Estrategia_C_com_A,CWRU_12k,Diagnosis,Load_2HP,MLP (TL),0.6864035087719298,0.6484448653569891,0.8832585094416294
3_Estrategia_C_com_A,CWRU_12k,Diagnosis,Load_2HP,TABNET (TL),0.7226973684210527,0.6859096007256764,0.9346837760728814
3_Estrategia_C_com_A,CWRU_12k,Diagnosis,Load_3HP,MLP (TL),0.5927631578947368,0.5261388274970619,0.8577048690566997
3_Estrategia_C_com_A,CWRU_12k,Diagnosis,Load_3HP,TABNET (TL),0.7958333333333334,0.7777918675494726,0.9216693999491482
3_Estrategia_C_com_A,UOEMD,Diagnosis,Load_Loaded_Speed_15Hz,MLP (TL),0.375,0.2923728813559322,0.8166071428571429
3_Estrategia_C_com_A,UOEMD,Diagnosis,Load_Loaded_Speed_15Hz,TABNET (TL),0.4625,0.40449255193837236,0.7617857142857143
3_Estrategia_C_com_A,UOEMD,Diagnosis,Load_Loaded_Speed_30Hz,MLP (TL),0.4,0.34980620155038755,0.88375
3_Estrategia_C_com_A,UOEMD,Diagnosis,Load_Loaded_Speed_30Hz,TABNET (TL),0.3875,0.33333333333333337,0.8842857142857143
3_Estrategia_C_com_A,UOEMD,Diagnosis,Load_Loaded_Speed_45Hz,MLP (TL),0.225,0.14215686274509803,0.7117857142857144
3_Estrategia_C_com_A,UOEMD,Diagnosis,Load_Loaded_Speed_45Hz,TABNET (TL),0.6,0.5060690943043884,0.8589285714285715
3_Estrategia_C_com_A,UOEMD,Diagnosis,Load_Loaded_Speed_60Hz,MLP (TL),0.475,0.3832528180354267,0.8871428571428572
3_Estrategia_C_com_A,UOEMD,Diagnosis,Load_Loaded_Speed_60Hz,TABNET (TL),0.5,0.41885964912280704,0.8608928571428571
3_Estrategia_C_com_A,UOEMD,Diagnosis,Load_Loaded_Speed_Dec_45_to_15Hz,MLP (TL),0.35,0.2965774226707784,0.7671428571428571
3_Estrategia_C_com_A,UOEMD,Diagnosis,Load_Loaded_Speed_Dec_45_to_15Hz,TABNET (TL),0.525,0.499496336996337,0.8530357142857143
3_Estrategia_C_com_A,UOEMD,Diagnosis,Load_Loaded_Speed_Dec_60_to_30Hz,MLP (TL),0.5125,0.4850200949945196,0.8160714285714286
3_Estrategia_C_com_A,UOEMD,Diagnosis,Load_Loaded_Speed_Dec_60_to_30Hz,TABNET (TL),0.475,0.44532428355957765,0.8348214285714286
3_Estrategia_C_com_A,UOEMD,Diagnosis,Load_Loaded_Speed_Inc_15_to_45Hz,MLP (TL),0.46249999999999997,0.4182692307692307,0.8128571428571428
3_Estrategia_C_com_A,UOEMD,Diagnosis,Load_Loaded_Speed_Inc_15_to_45Hz,TABNET (TL),0.5875,0.5538345410628019,0.9082142857142856
3_Estrategia_C_com_A,UOEMD,Diagnosis,Load_Loaded_Speed_Inc_30_to_60Hz,MLP (TL),0.3125,0.2864583333333333,0.7601785714285714
3_Estrategia_C_com_A,UOEMD,Diagnosis,Load_Loaded_Speed_Inc_30_to_60Hz,TABNET (TL),0.4125,0.4184182665160926,0.7996428571428571
3_Estrategia_C_com_A,UOEMD,Diagnosis,Load_No_Load_Speed_15Hz,MLP (TL),0.525,0.4435690943043884,0.8846428571428572
3_Estrategia_C_com_A,UOEMD,Diagnosis,Load_No_Load_Speed_15Hz,TABNET (TL),0.4125,0.34082365003417636,0.8583928571428572
3_Estrategia_C_com_A,UOEMD,Diagnosis,Load_No_Load_Speed_30Hz,MLP (TL),0.475,0.38416666666666666,0.9153571428571429
3_Estrategia_C_com_A,UOEMD,Diagnosis,Load_No_Load_Speed_30Hz,TABNET (TL),0.5,0.4444444444444444,0.8930357142857144
3_Estrategia_C_com_A,UOEMD,Diagnosis,Load_No_Load_Speed_45Hz,MLP (TL),0.5,0.4335212067147839,0.9246428571428571
3_Estrategia_C_com_A,UOEMD,Diagnosis,Load_No_Load_Speed_45Hz,TABNET (TL),0.4,0.42611336032388664,0.8200000000000001
3_Estrategia_C_com_A,UOEMD,Diagnosis,Load_No_Load_Speed_60Hz,MLP (TL),0.5,0.3833333333333333,0.8182142857142858
3_Estrategia_C_com_A,UOEMD,Diagnosis,Load_No_Load_Speed_60Hz,TABNET (TL),0.5,0.4384920634920635,0.9076785714285713
3_Estrategia_C_com_A,UOEMD,Diagnosis,Load_No_Load_Speed_Dec_45_to_15Hz,MLP (TL),0.42499999999999993,0.3846718773480393,0.8614285714285714
3_Estrategia_C_com_A,UOEMD,Diagnosis,Load_No_Load_Speed_Dec_45_to_15Hz,TABNET (TL),0.575,0.5409693792046733,0.88625
3_Estrategia_C_com_A,UOEMD,Diagnosis,Load_No_Load_Speed_Dec_60_to_30Hz,MLP (TL),0.5625,0.5096659293087864,0.8844642857142857
3_Estrategia_C_com_A,UOEMD,Diagnosis,Load_No_Load_Speed_Dec_60_to_30Hz,TABNET (TL),0.48750000000000004,0.4833056160995133,0.8594642857142858
3_Estrategia_C_com_A,UOEMD,Diagnosis,Load_No_Load_Speed_Inc_15_to_45Hz,MLP (TL),0.4,0.35873954476895653,0.8578571428571429
3_Estrategia_C_com_A,UOEMD,Diagnosis,Load_No_Load_Speed_Inc_15_to_45Hz,TABNET (TL),0.425,0.3890149223633797,0.9203571428571429
3_Estrategia_C_com_A,UOEMD,Diagnosis,Load_No_Load_Speed_Inc_30_to_60Hz,MLP (TL),0.4375,0.4269858511586453,0.8232142857142857
3_Estrategia_C_com_A,UOEMD,Diagnosis,Load_No_Load_Speed_Inc_30_to_60Hz,TABNET (TL),0.46249999999999997,0.45119047619047614,0.7851785714285715
3_Estrategia_C_com_A,HUST_Gearbox,Diagnosis,Cond_20_0,MLP (TL),1.0,1.0,1.0
3_Estrategia_C_com_A,HUST_Gearbox,Diagnosis,Cond_20_0,TABNET (TL),0.3666666666666667,0.2616310892172961,0.7116666666666666
3_Estrategia_C_com_A,HUST_Gearbox,Diagnosis,Cond_20_1,MLP (TL),0.3333333333333333,0.2222222222222222,0.5
3_Estrategia_C_com_A,HUST_Gearbox,Diagnosis,Cond_20_1,TABNET (TL),0.6666666666666666,0.5411255411255411,1.0
3_Estrategia_C_com_A,HUST_Gearbox,Diagnosis,Cond_20_2,MLP (TL),0.6666666666666666,0.5555555555555555,0.9416666666666668
3_Estrategia_C_com_A,HUST_Gearbox,Diagnosis,Cond_20_2,TABNET (TL),0.6666666666666666,0.5555555555555555,0.9733333333333333
3_Estrategia_C_com_A,HUST_Gearbox,Diagnosis,Cond_20_3,MLP (TL),0.6666666666666666,0.5555555555555555,0.6666666666666666
3_Estrategia_C_com_A,HUST_Gearbox,Diagnosis,Cond_20_3,TABNET (TL),0.6666666666666666,0.5341880341880342,0.915
3_Estrategia_C_com_A,HUST_Gearbox,Diagnosis,Cond_20_4,MLP (TL),0.3333333333333333,0.19607843137254902,0.6716666666666667
3_Estrategia_C_com_A,HUST_Gearbox,Diagnosis,Cond_20_4,TABNET (TL),0.6666666666666666,0.5555555555555555,0.6666666666666666
3_Estrategia_C_com_A,HUST_Gearbox,Diagnosis,Cond_25_0,MLP (TL),1.0,1.0,1.0
3_Estrategia_C_com_A,HUST_Gearbox,Diagnosis,Cond_25_0,TABNET (TL),1.0,1.0,1.0
3_Estrategia_C_com_A,HUST_Gearbox,Diagnosis,Cond_25_1,MLP (TL),0.7000000000000001,0.6161616161616162,0.8383333333333333
3_Estrategia_C_com_A,HUST_Gearbox,Diagnosis,Cond_25_1,TABNET (TL),0.6666666666666666,0.5555555555555555,0.8333333333333334
3_Estrategia_C_com_A,HUST_Gearbox,Diagnosis,Cond_25_2,MLP (TL),1.0,1.0,1.0
3_Estrategia_C_com_A,HUST_Gearbox,Diagnosis,Cond_25_2,TABNET (TL),0.9666666666666667,0.9665831244778612,1.0
3_Estrategia_C_com_A,HUST_Gearbox,Diagnosis,Cond_25_3,MLP (TL),1.0,1.0,1.0
3_Estrategia_C_com_A,HUST_Gearbox,Diagnosis,Cond_25_3,TABNET (TL),1.0,1.0,1.0
3_Estrategia_C_com_A,HUST_Gearbox,Diagnosis,Cond_25_4,MLP (TL),0.6666666666666666,0.5555555555555555,1.0
3_Estrategia_C_com_A,HUST_Gearbox,Diagnosis,Cond_25_4,TABNET (TL),0.9666666666666667,0.9665831244778612,1.0
3_Estrategia_C_com_A,HUST_Gearbox,Diagnosis,Cond_30_0,MLP (TL),1.0,1.0,1.0
3_Estrategia_C_com_A,HUST_Gearbox,Diagnosis,Cond_30_0,TABNET (TL),0.9666666666666667,0.9665831244778613,1.0
3_Estrategia_C_com_A,HUST_Gearbox,Diagnosis,Cond_30_1,MLP (TL),0.3666666666666667,0.2828282828282828,0.755
3_Estrategia_C_com_A,HUST_Gearbox,Diagnosis,Cond_30_1,TABNET (TL),0.6666666666666666,0.5555555555555555,1.0
3_Estrategia_C_com_A,HUST_Gearbox,Diagnosis,Cond_30_2,MLP (TL),0.9333333333333332,0.9326599326599326,1.0
3_Estrategia_C_com_A,HUST_Gearbox,Diagnosis,Cond_30_2,TABNET (TL),0.6666666666666666,0.5555555555555555,1.0
3_Estrategia_C_com_A,HUST_Gearbox,Diagnosis,Cond_30_3,MLP (TL),1.0,1.0,1.0
3_Estrategia_C_com_A,HUST_Gearbox,Diagnosis,Cond_30_3,TABNET (TL),0.8666666666666667,0.8611111111111112,1.0
3_Estrategia_C_com_A,HUST_Gearbox,Diagnosis,Cond_30_4,MLP (TL),0.6666666666666666,0.5555555555555555,0.8683333333333333
3_Estrategia_C_com_A,HUST_Gearbox,Diagnosis,Cond_30_4,TABNET (TL),1.0,1.0,1.0
3_Estrategia_C_com_A,HUST_Gearbox,Diagnosis,Cond_35_0,MLP (TL),0.6666666666666666,0.5555555555555555,0.9916666666666666
3_Estrategia_C_com_A,HUST_Gearbox,Diagnosis,Cond_35_0,TABNET (TL),1.0,1.0,1.0
3_Estrategia_C_com_A,HUST_Gearbox,Diagnosis,Cond_35_1,MLP (TL),0.9666666666666667,0.9665831244778613,1.0
3_Estrategia_C_com_A,HUST_Gearbox,Diagnosis,Cond_35_1,TABNET (TL),1.0,1.0,1.0
3_Estrategia_C_com_A,HUST_Gearbox,Diagnosis,Cond_35_2,MLP (TL),1.0,1.0,1.0
3_Estrategia_C_com_A,HUST_Gearbox,Diagnosis,Cond_35_2,TABNET (TL),1.0,1.0,1.0
3_Estrategia_C_com_A,HUST_Gearbox,Diagnosis,Cond_35_3,MLP (TL),1.0,1.0,1.0
3_Estrategia_C_com_A,HUST_Gearbox,Diagnosis,Cond_35_3,TABNET (TL),0.9333333333333332,0.9326599326599326,1.0
3_Estrategia_C_com_A,HUST_Gearbox,Diagnosis,Cond_35_4,MLP (TL),0.6666666666666666,0.5555555555555555,0.8116666666666666
3_Estrategia_C_com_A,HUST_Gearbox,Diagnosis,Cond_35_4,TABNET (TL),0.7999999999999999,0.7802197802197801,0.7999999999999999
3_Estrategia_C_com_A,HUST_Gearbox,Diagnosis,Cond_40_0,MLP (TL),1.0,1.0,1.0
3_Estrategia_C_com_A,HUST_Gearbox,Diagnosis,Cond_40_0,TABNET (TL),1.0,1.0,1.0
3_Estrategia_C_com_A,HUST_Gearbox,Diagnosis,Cond_40_1,MLP (TL),0.9666666666666667,0.9665831244778613,1.0
3_Estrategia_C_com_A,HUST_Gearbox,Diagnosis,Cond_40_1,TABNET (TL),0.7000000000000001,0.6238244514106583,1.0
3_Estrategia_C_com_A,HUST_Gearbox,Diagnosis,Cond_40_2,MLP (TL),0.7333333333333334,0.6825396825396827,1.0
3_Estrategia_C_com_A,HUST_Gearbox,Diagnosis,Cond_40_2,TABNET (TL),1.0,1.0,1.0
3_Estrategia_C_com_A,HUST_Gearbox,Diagnosis,Cond_40_3,MLP (TL),0.9,0.8950004244121891,1.0
3_Estrategia_C_com_A,HUST_Gearbox,Diagnosis,Cond_40_3,TABNET (TL),1.0,1.0,1.0
3_Estrategia_C_com_A,HUST_Gearbox,Diagnosis,Cond_40_4,MLP (TL),1.0,1.0,1.0
3_Estrategia_C_com_A,HUST_Gearbox,Diagnosis,Cond_40_4,TABNET (TL),1.0,1.0,1.0
3_Estrategia_C_com_A,HUST_Gearbox,Diagnosis,Cond_L0_VS_0_40_0,MLP (TL),0.8333333333333334,0.8222222222222223,0.9483333333333333
3_Estrategia_C_com_A,HUST_Gearbox,Diagnosis,Cond_L0_VS_0_40_0,TABNET (TL),0.7000000000000001,0.7021072796934865,0.9550000000000001
3_Estrategia_C_com_A,HUST_Gearbox,Diagnosis,Cond_L1_VS_0_40_0,MLP (TL),0.9,0.8976982097186701,1.0
3_Estrategia_C_com_A,HUST_Gearbox,Diagnosis,Cond_L1_VS_0_40_0,TABNET (TL),0.5333333333333333,0.44607843137254904,1.0
3_Estrategia_C_com_A,HUST_Gearbox,Diagnosis,Cond_L2_VS_0_40_0,MLP (TL),0.6666666666666666,0.5555555555555555,0.7816666666666666
3_Estrategia_C_com_A,HUST_Gearbox,Diagnosis,Cond_L2_VS_0_40_0,TABNET (TL),1.0,1.0,1.0
3_Estrategia_C_com_A,HUST_Gearbox,Diagnosis,Cond_L3_VS_0_40_0,MLP (TL),0.6666666666666666,0.5473453749315819,0.8483333333333333
3_Estrategia_C_com_A,HUST_Gearbox,Diagnosis,Cond_L3_VS_0_40_0,TABNET (TL),1.0,1.0,1.0
3_Estrategia_C_com_A,HUST_Gearbox,Diagnosis,Cond_L4_VS_0_40_0,MLP (TL),0.7666666666666666,0.7571365832235397,0.9566666666666667
3_Estrategia_C_com_A,HUST_Gearbox,Diagnosis,Cond_L4_VS_0_40_0,TABNET (TL),0.8666666666666667,0.8611111111111112,0.9983333333333334
3_Estrategia_C_com_A,CWRU_48k,Diagnosis,Load_0HP_Sev_0.007,MLP (TL),0.39999999999999997,0.3915601023017903,0.6533333333333333
3_Estrategia_C_com_A,CWRU_48k,Diagnosis,Load_0HP_Sev_0.007,TABNET (TL),0.3333333333333333,0.2222222222222222,0.775
3_Estrategia_C_com_A,CWRU_48k,Diagnosis,Load_0HP_Sev_0.014,MLP (TL),0.5,0.2380952380952381,0.0
3_Estrategia_C_com_A,CWRU_48k,Diagnosis,Load_0HP_Sev_0.014,TABNET (TL),0.2,0.17777777777777778,0.0
3_Estrategia_C_com_A,CWRU_48k,Diagnosis,Load_0HP_Sev_0.021,MLP (TL),0.8333333333333334,0.8222222222222223,0.9940476190476191
3_Estrategia_C_com_A,CWRU_48k,Diagnosis,Load_0HP_Sev_0.021,TABNET (TL),0.6666666666666666,0.48148148148148145,0.7595238095238095
3_Estrategia_C_com_A,CWRU_48k,Diagnosis,Load_1HP_Sev_0.007,MLP (TL),0.65,0.6361648444070648,0.9441666666666667
3_Estrategia_C_com_A,CWRU_48k,Diagnosis,Load_1HP_Sev_0.007,TABNET (TL),0.8333333333333334,0.8195343177921575,1.0
3_Estrategia_C_com_A,CWRU_48k,Diagnosis,Load_1HP_Sev_0.014,MLP (TL),0.31666666666666665,0.21468926553672316,0.6256302521008403
3_Estrategia_C_com_A,CWRU_48k,Diagnosis,Load_1HP_Sev_0.014,TABNET (TL),0.75,0.7488894084638765,0.9451680672268908
3_Estrategia_C_com_A,CWRU_48k,Diagnosis,Load_1HP_Sev_0.021,MLP (TL),0.8666666666666667,0.8563738156761412,0.9991666666666666
3_Estrategia_C_com_A,CWRU_48k,Diagnosis,Load_1HP_Sev_0.021,TABNET (TL),0.9833333333333334,0.9833229101521784,1.0
3_Estrategia_C_com_A,CWRU_48k,Diagnosis,Load_2HP_Sev_0.007,MLP (TL),0.7333333333333334,0.6825396825396827,0.9958333333333332
3_Estrategia_C_com_A,CWRU_48k,Diagnosis,Load_2HP_Sev_0.007,TABNET (TL),0.6666666666666666,0.5555555555555555,0.8316666666666667
3_Estrategia_C_com_A,CWRU_48k,Diagnosis,Load_2HP_Sev_0.014,MLP (TL),0.7666666666666666,0.7566666666666665,0.8337500000000001
3_Estrategia_C_com_A,CWRU_48k,Diagnosis,Load_2HP_Sev_0.014,TABNET (TL),0.5499999999999999,0.5146072796934865,0.6995833333333333
3_Estrategia_C_com_A,CWRU_48k,Diagnosis,Load_2HP_Sev_0.021,MLP (TL),0.8333333333333334,0.8327944669408085,0.9408333333333333
3_Estrategia_C_com_A,CWRU_48k,Diagnosis,Load_2HP_Sev_0.021,TABNET (TL),0.7833333333333333,0.7764882871265849,0.96375
3_Estrategia_C_com_A,CWRU_48k,Diagnosis,Load_3HP_Sev_0.007,MLP (TL),0.5333333333333333,0.4410680656443368,0.9341666666666667
3_Estrategia_C_com_A,CWRU_48k,Diagnosis,Load_3HP_Sev_0.007,TABNET (TL),0.5333333333333333,0.5541659773917839,0.8070833333333333
3_Estrategia_C_com_A,CWRU_48k,Diagnosis,Load_3HP_Sev_0.014,MLP (TL),0.7166666666666668,0.7220959595959595,0.91
3_Estrategia_C_com_A,CWRU_48k,Diagnosis,Load_3HP_Sev_0.014,TABNET (TL),0.65,0.6166056166056166,0.9333333333333332
3_Estrategia_C_com_A,CWRU_48k,Diagnosis,Load_3HP_Sev_0.021,MLP (TL),0.7000000000000001,0.6906443209992781,0.8008333333333334
3_Estrategia_C_com_A,CWRU_48k,Diagnosis,Load_3HP_Sev_0.021,TABNET (TL),1.0,1.0,1.0
4_Estrategia_C_com_B,CWRU_12k,Diagnosis,Load_0HP,MLP (TL),0.6255116959064327,0.5896644954162995,0.7995935765905278
4_Estrategia_C_com_B,CWRU_12k,Diagnosis,Load_0HP,TABNET (TL),0.697514619883041,0.6826657271578834,0.8666191658431308
4_Estrategia_C_com_B,CWRU_12k,Diagnosis,Load_1HP,MLP (TL),0.7273391812865497,0.7004124404770513,0.8781617219566127
4_Estrategia_C_com_B,CWRU_12k,Diagnosis,Load_1HP,TABNET (TL),0.7689327485380117,0.750087417589425,0.9224224192728198
4_Estrategia_C_com_B,CWRU_12k,Diagnosis,Load_2HP,MLP (TL),0.7353801169590644,0.6952349506945614,0.9065218971908939
4_Estrategia_C_com_B,CWRU_12k,Diagnosis,Load_2HP,TABNET (TL),0.7494152046783625,0.7364581148982737,0.9062522009280447
4_Estrategia_C_com_B,CWRU_12k,Diagnosis,Load_3HP,MLP (TL),0.6092836257309941,0.5358058615292922,0.8569786873774109
4_Estrategia_C_com_B,CWRU_12k,Diagnosis,Load_3HP,TABNET (TL),0.7078947368421052,0.6651080125113273,0.8745419532753986
4_Estrategia_C_com_B,UOEMD,Diagnosis,Load_Loaded_Speed_15Hz,MLP (TL),0.375,0.3069347319347319,0.7655357142857143
4_Estrategia_C_com_B,UOEMD,Diagnosis,Load_Loaded_Speed_15Hz,TABNET (TL),0.4375,0.4004476127320955,0.85375
4_Estrategia_C_com_B,UOEMD,Diagnosis,Load_Loaded_Speed_30Hz,MLP (TL),0.3375,0.3023459383753502,0.8119642857142857
4_Estrategia_C_com_B,UOEMD,Diagnosis,Load_Loaded_Speed_30Hz,TABNET (TL),0.5,0.3766025641025641,0.97125
4_Estrategia_C_com_B,UOEMD,Diagnosis,Load_Loaded_Speed_45Hz,MLP (TL),0.3875,0.30895915678524377,0.7596428571428572
4_Estrategia_C_com_B,UOEMD,Diagnosis,Load_Loaded_Speed_45Hz,TABNET (TL),0.425,0.3592047930283224,0.7966071428571428
4_Estrategia_C_com_B,UOEMD,Diagnosis,Load_Loaded_Speed_60Hz,MLP (TL),0.4,0.3234064785788924,0.7630357142857143
4_Estrategia_C_com_B,UOEMD,Diagnosis,Load_Loaded_Speed_60Hz,TABNET (TL),0.5875,0.5377216965212365,0.9394642857142856
4_Estrategia_C_com_B,UOEMD,Diagnosis,Load_Loaded_Speed_Dec_45_to_15Hz,MLP (TL),0.3625,0.2931060511410961,0.8287500000000001
4_Estrategia_C_com_B,UOEMD,Diagnosis,Load_Loaded_Speed_Dec_45_to_15Hz,TABNET (TL),0.5625,0.5138994293889805,0.8305357142857143
4_Estrategia_C_com_B,UOEMD,Diagnosis,Load_Loaded_Speed_Dec_60_to_30Hz,MLP (TL),0.4625,0.4507097288676236,0.8089285714285714
4_Estrategia_C_com_B,UOEMD,Diagnosis,Load_Loaded_Speed_Dec_60_to_30Hz,TABNET (TL),0.375,0.3266630116959064,0.8005357142857144
4_Estrategia_C_com_B,UOEMD,Diagnosis,Load_Loaded_Speed_Inc_15_to_45Hz,MLP (TL),0.49999999999999994,0.44674200728583074,0.8607142857142858
4_Estrategia_C_com_B,UOEMD,Diagnosis,Load_Loaded_Speed_Inc_15_to_45Hz,TABNET (TL),0.5375,0.45574750452799234,0.9092857142857143
4_Estrategia_C_com_B,UOEMD,Diagnosis,Load_Loaded_Speed_Inc_30_to_60Hz,MLP (TL),0.4375,0.42261668500058597,0.8287499999999999
4_Estrategia_C_com_B,UOEMD,Diagnosis,Load_Loaded_Speed_Inc_30_to_60Hz,TABNET (TL),0.48750000000000004,0.43458110516934045,0.8023214285714285
4_Estrategia_C_com_B,UOEMD,Diagnosis,Load_No_Load_Speed_15Hz,MLP (TL),0.4,0.2984508547008547,0.7864285714285715
4_Estrategia_C_com_B,UOEMD,Diagnosis,Load_No_Load_Speed_15Hz,TABNET (TL),0.375,0.24404761904761904,0.87625
4_Estrategia_C_com_B,UOEMD,Diagnosis,Load_No_Load_Speed_30Hz,MLP (TL),0.4125,0.29611823361823364,0.8953571428571429
4_Estrategia_C_com_B,UOEMD,Diagnosis,Load_No_Load_Speed_30Hz,TABNET (TL),0.25,0.25,0.7598214285714286
4_Estrategia_C_com_B,UOEMD,Diagnosis,Load_No_Load_Speed_45Hz,MLP (TL),0.125,0.125,0.6760714285714285
4_Estrategia_C_com_B,UOEMD,Diagnosis,Load_No_Load_Speed_45Hz,TABNET (TL),0.7125,0.6586538461538461,0.9375
4_Estrategia_C_com_B,UOEMD,Diagnosis,Load_No_Load_Speed_60Hz,MLP (TL),0.4625,0.3529411764705882,0.8360714285714286
4_Estrategia_C_com_B,UOEMD,Diagnosis,Load_No_Load_Speed_60Hz,TABNET (TL),0.75,0.6666666666666666,0.9721428571428572
4_Estrategia_C_com_B,UOEMD,Diagnosis,Load_No_Load_Speed_Dec_45_to_15Hz,MLP (TL),0.4625,0.40912260737628386,0.8532142857142857
4_Estrategia_C_com_B,UOEMD,Diagnosis,Load_No_Load_Speed_Dec_45_to_15Hz,TABNET (TL),0.4375,0.42317529018296285,0.82375
4_Estrategia_C_com_B,UOEMD,Diagnosis,Load_No_Load_Speed_Dec_60_to_30Hz,MLP (TL),0.44999999999999996,0.42171123832308044,0.8387499999999999
4_Estrategia_C_com_B,UOEMD,Diagnosis,Load_No_Load_Speed_Dec_60_to_30Hz,TABNET (TL),0.4875,0.42350955204216073,0.8333928571428572
4_Estrategia_C_com_B,UOEMD,Diagnosis,Load_No_Load_Speed_Inc_15_to_45Hz,MLP (TL),0.5125,0.44862616099071206,0.8651785714285714
4_Estrategia_C_com_B,UOEMD,Diagnosis,Load_No_Load_Speed_Inc_15_to_45Hz,TABNET (TL),0.5499999999999999,0.5243593051255591,0.9223214285714286
4_Estrategia_C_com_B,UOEMD,Diagnosis,Load_No_Load_Speed_Inc_30_to_60Hz,MLP (TL),0.5625,0.5586046263677842,0.8589285714285715
4_Estrategia_C_com_B,UOEMD,Diagnosis,Load_No_Load_Speed_Inc_30_to_60Hz,TABNET (TL),0.5750000000000001,0.578503898772441,0.9048214285714287
4_Estrategia_C_com_B,HUST_Gearbox,Diagnosis,Cond_20_0,MLP (TL),0.7999999999999999,0.7802197802197802,1.0
4_Estrategia_C_com_B,HUST_Gearbox,Diagnosis,Cond_20_0,TABNET (TL),0.7333333333333334,0.6825396825396827,1.0
4_Estrategia_C_com_B,HUST_Gearbox,Diagnosis,Cond_20_1,MLP (TL),0.43333333333333335,0.334026334026334,0.9866666666666667
4_Estrategia_C_com_B,HUST_Gearbox,Diagnosis,Cond_20_1,TABNET (TL),0.6666666666666666,0.5555555555555555,0.8983333333333334
4_Estrategia_C_com_B,HUST_Gearbox,Diagnosis,Cond_20_2,MLP (TL),0.9666666666666667,0.9665831244778612,1.0
4_Estrategia_C_com_B,HUST_Gearbox,Diagnosis,Cond_20_2,TABNET (TL),0.3333333333333333,0.2222222222222222,0.8333333333333334
4_Estrategia_C_com_B,HUST_Gearbox,Diagnosis,Cond_20_3,MLP (TL),0.6666666666666666,0.5555555555555555,1.0
4_Estrategia_C_com_B,HUST_Gearbox,Diagnosis,Cond_20_3,TABNET (TL),0.6666666666666666,0.5555555555555555,0.785
4_Estrategia_C_com_B,HUST_Gearbox,Diagnosis,Cond_20_4,MLP (TL),0.6666666666666666,0.5555555555555555,0.9733333333333333
4_Estrategia_C_com_B,HUST_Gearbox,Diagnosis,Cond_20_4,TABNET (TL),0.6666666666666666,0.5555555555555555,0.6666666666666666
4_Estrategia_C_com_B,HUST_Gearbox,Diagnosis,Cond_25_0,MLP (TL),0.6666666666666666,0.5555555555555555,1.0
4_Estrategia_C_com_B,HUST_Gearbox,Diagnosis,Cond_25_0,TABNET (TL),0.9,0.8976982097186701,1.0
4_Estrategia_C_com_B,HUST_Gearbox,Diagnosis,Cond_25_1,MLP (TL),1.0,1.0,1.0
4_Estrategia_C_com_B,HUST_Gearbox,Diagnosis,Cond_25_1,TABNET (TL),1.0,1.0,1.0
4_Estrategia_C_com_B,HUST_Gearbox,Diagnosis,Cond_25_2,MLP (TL),0.7666666666666666,0.7340930674264007,1.0
4_Estrategia_C_com_B,HUST_Gearbox,Diagnosis,Cond_25_2,TABNET (TL),0.9666666666666667,0.9665831244778612,1.0
4_Estrategia_C_com_B,HUST_Gearbox,Diagnosis,Cond_25_3,MLP (TL),1.0,1.0,1.0
4_Estrategia_C_com_B,HUST_Gearbox,Diagnosis,Cond_25_3,TABNET (TL),0.6666666666666666,0.5555555555555555,1.0
4_Estrategia_C_com_B,HUST_Gearbox,Diagnosis,Cond_25_4,MLP (TL),0.7999999999999999,0.7962962962962963,0.9733333333333333
4_Estrategia_C_com_B,HUST_Gearbox,Diagnosis,Cond_25_4,TABNET (TL),1.0,1.0,1.0
4_Estrategia_C_com_B,HUST_Gearbox,Diagnosis,Cond_30_0,MLP (TL),0.6666666666666666,0.5555555555555555,0.8666666666666667
4_Estrategia_C_com_B,HUST_Gearbox,Diagnosis,Cond_30_0,TABNET (TL),0.39999999999999997,0.2987012987012987,0.8366666666666666
4_Estrategia_C_com_B,HUST_Gearbox,Diagnosis,Cond_30_1,MLP (TL),0.6666666666666666,0.5555555555555555,0.8250000000000001
4_Estrategia_C_com_B,HUST_Gearbox,Diagnosis,Cond_30_1,TABNET (TL),0.6666666666666666,0.5555555555555555,1.0
4_Estrategia_C_com_B,HUST_Gearbox,Diagnosis,Cond_30_2,MLP (TL),0.9333333333333332,0.9326599326599326,1.0
4_Estrategia_C_com_B,HUST_Gearbox,Diagnosis,Cond_30_2,TABNET (TL),0.9666666666666667,0.9665831244778613,1.0
4_Estrategia_C_com_B,HUST_Gearbox,Diagnosis,Cond_30_3,MLP (TL),1.0,1.0,1.0
4_Estrategia_C_com_B,HUST_Gearbox,Diagnosis,Cond_30_3,TABNET (TL),1.0,1.0,1.0
4_Estrategia_C_com_B,HUST_Gearbox,Diagnosis,Cond_30_4,MLP (TL),1.0,1.0,1.0
4_Estrategia_C_com_B,HUST_Gearbox,Diagnosis,Cond_30_4,TABNET (TL),0.7666666666666666,0.7340930674264007,1.0
4_Estrategia_C_com_B,HUST_Gearbox,Diagnosis,Cond_35_0,MLP (TL),1.0,1.0,1.0
4_Estrategia_C_com_B,HUST_Gearbox,Diagnosis,Cond_35_0,TABNET (TL),0.6666666666666666,0.5555555555555555,1.0
4_Estrategia_C_com_B,HUST_Gearbox,Diagnosis,Cond_35_1,MLP (TL),1.0,1.0,1.0
4_Estrategia_C_com_B,HUST_Gearbox,Diagnosis,Cond_35_1,TABNET (TL),0.7666666666666666,0.7340930674264007,1.0
4_Estrategia_C_com_B,HUST_Gearbox,Diagnosis,Cond_35_2,MLP (TL),0.9333333333333332,0.9326599326599326,1.0
4_Estrategia_C_com_B,HUST_Gearbox,Diagnosis,Cond_35_2,TABNET (TL),1.0,1.0,1.0
4_Estrategia_C_com_B,HUST_Gearbox,Diagnosis,Cond_35_3,MLP (TL),1.0,1.0,1.0
4_Estrategia_C_com_B,HUST_Gearbox,Diagnosis,Cond_35_3,TABNET (TL),1.0,1.0,1.0
4_Estrategia_C_com_B,HUST_Gearbox,Diagnosis,Cond_35_4,MLP (TL),0.8333333333333334,0.8222222222222223,0.8566666666666666
4_Estrategia_C_com_B,HUST_Gearbox,Diagnosis,Cond_35_4,TABNET (TL),0.8333333333333334,0.8222222222222223,0.8383333333333334
4_Estrategia_C_com_B,HUST_Gearbox,Diagnosis,Cond_40_0,MLP (TL),0.7000000000000001,0.6238244514106583,0.9783333333333334
4_Estrategia_C_com_B,HUST_Gearbox,Diagnosis,Cond_40_0,TABNET (TL),1.0,1.0,1.0
4_Estrategia_C_com_B,HUST_Gearbox,Diagnosis,Cond_40_1,MLP (TL),1.0,1.0,1.0
4_Estrategia_C_com_B,HUST_Gearbox,Diagnosis,Cond_40_1,TABNET (TL),1.0,1.0,1.0
4_Estrategia_C_com_B,HUST_Gearbox,Diagnosis,Cond_40_2,MLP (TL),0.7333333333333334,0.6825396825396827,1.0
4_Estrategia_C_com_B,HUST_Gearbox,Diagnosis,Cond_40_2,TABNET (TL),0.7999999999999999,0.7802197802197801,0.9983333333333334
4_Estrategia_C_com_B,HUST_Gearbox,Diagnosis,Cond_40_3,MLP (TL),1.0,1.0,1.0
4_Estrategia_C_com_B,HUST_Gearbox,Diagnosis,Cond_40_3,TABNET (TL),1.0,1.0,1.0
4_Estrategia_C_com_B,HUST_Gearbox,Diagnosis,Cond_40_4,MLP (TL),1.0,1.0,1.0
4_Estrategia_C_com_B,HUST_Gearbox,Diagnosis,Cond_40_4,TABNET (TL),0.9666666666666667,0.9665831244778612,1.0
4_Estrategia_C_com_B,HUST_Gearbox,Diagnosis,Cond_L0_VS_0_40_0,MLP (TL),0.6,0.6144781144781145,0.7316666666666666
4_Estrategia_C_com_B,HUST_Gearbox,Diagnosis,Cond_L0_VS_0_40_0,TABNET (TL),0.6666666666666666,0.5555555555555555,0.9383333333333334
4_Estrategia_C_com_B,HUST_Gearbox,Diagnosis,Cond_L1_VS_0_40_0,MLP (TL),0.7666666666666666,0.7628138974888201,0.9766666666666666
4_Estrategia_C_com_B,HUST_Gearbox,Diagnosis,Cond_L1_VS_0_40_0,TABNET (TL),0.8333333333333334,0.8222222222222223,0.9416666666666668
4_Estrategia_C_com_B,HUST_Gearbox,Diagnosis,Cond_L2_VS_0_40_0,MLP (TL),0.9333333333333332,0.9326599326599326,0.9899999999999999
4_Estrategia_C_com_B,HUST_Gearbox,Diagnosis,Cond_L2_VS_0_40_0,TABNET (TL),1.0,1.0,1.0
4_Estrategia_C_com_B,HUST_Gearbox,Diagnosis,Cond_L3_VS_0_40_0,MLP (TL),0.5,0.41269841269841273,0.7600000000000001
4_Estrategia_C_com_B,HUST_Gearbox,Diagnosis,Cond_L3_VS_0_40_0,TABNET (TL),0.9,0.8976982097186701,1.0
4_Estrategia_C_com_B,HUST_Gearbox,Diagnosis,Cond_L4_VS_0_40_0,MLP (TL),0.8333333333333334,0.8222222222222223,0.9516666666666667
4_Estrategia_C_com_B,HUST_Gearbox,Diagnosis,Cond_L4_VS_0_40_0,TABNET (TL),0.7999999999999999,0.7896825396825395,0.9500000000000001
4_Estrategia_C_com_B,CWRU_48k,Diagnosis,Load_0HP_Sev_0.007,MLP (TL),0.8333333333333334,0.8222222222222223,0.9316666666666666
4_Estrategia_C_com_B,CWRU_48k,Diagnosis,Load_0HP_Sev_0.007,TABNET (TL),0.3333333333333333,0.2222222222222222,0.6183333333333333
4_Estrategia_C_com_B,CWRU_48k,Diagnosis,Load_0HP_Sev_0.014,MLP (TL),0.9,0.898989898989899,0.0
4_Estrategia_C_com_B,CWRU_48k,Diagnosis,Load_0HP_Sev_0.014,TABNET (TL),0.5,0.3333333333333333,0.0
4_Estrategia_C_com_B,CWRU_48k,Diagnosis,Load_0HP_Sev_0.021,MLP (TL),0.6666666666666666,0.48148148148148145,0.9041666666666667
4_Estrategia_C_com_B,CWRU_48k,Diagnosis,Load_0HP_Sev_0.021,TABNET (TL),0.9,0.8502673796791443,0.9761904761904763
4_Estrategia_C_com_B,CWRU_48k,Diagnosis,Load_1HP_Sev_0.007,MLP (TL),0.5666666666666667,0.4765300059417707,0.8691666666666666
4_Estrategia_C_com_B,CWRU_48k,Diagnosis,Load_1HP_Sev_0.007,TABNET (TL),0.8166666666666668,0.8016677935542033,0.9741666666666666
4_Estrategia_C_com_B,CWRU_48k,Diagnosis,Load_1HP_Sev_0.014,MLP (TL),0.6833333333333332,0.6828814460393408,0.8426470588235295
4_Estrategia_C_com_B,CWRU_48k,Diagnosis,Load_1HP_Sev_0.014,TABNET (TL),0.6333333333333333,0.5352022529441883,0.7916666666666666
4_Estrategia_C_com_B,CWRU_48k,Diagnosis,Load_1HP_Sev_0.021,MLP (TL),1.0,1.0,1.0
4_Estrategia_C_com_B,CWRU_48k,Diagnosis,Load_1HP_Sev_0.021,TABNET (TL),0.9666666666666667,0.9665831244778613,1.0
4_Estrategia_C_com_B,CWRU_48k,Diagnosis,Load_2HP_Sev_0.007,MLP (TL),0.85,0.8420013166556947,0.9916666666666667
4_Estrategia_C_com_B,CWRU_48k,Diagnosis,Load_2HP_Sev_0.007,TABNET (TL),0.9500000000000001,0.9497171590194847,1.0
4_Estrategia_C_com_B,CWRU_48k,Diagnosis,Load_2HP_Sev_0.014,MLP (TL),0.7166666666666667,0.7079765611485902,0.9162499999999999
4_Estrategia_C_com_B,CWRU_48k,Diagnosis,Load_2HP_Sev_0.014,TABNET (TL),0.45,0.380050505050505,0.8350000000000001
4_Estrategia_C_com_B,CWRU_48k,Diagnosis,Load_2HP_Sev_0.021,MLP (TL),0.7333333333333334,0.667632850241546,0.9862500000000001
4_Estrategia_C_com_B,CWRU_48k,Diagnosis,Load_2HP_Sev_0.021,TABNET (TL),0.6833333333333332,0.6741659773917839,0.9254166666666667
4_Estrategia_C_com_B,CWRU_48k,Diagnosis,Load_3HP_Sev_0.007,MLP (TL),0.5166666666666667,0.45460030165912513,0.8595833333333333
4_Estrategia_C_com_B,CWRU_48k,Diagnosis,Load_3HP_Sev_0.007,TABNET (TL),0.7999999999999999,0.7896825396825397,0.9679166666666666
4_Estrategia_C_com_B,CWRU_48k,Diagnosis,Load_3HP_Sev_0.014,MLP (TL),0.48333333333333334,0.45620007262164125,0.7729166666666666
4_Estrategia_C_com_B,CWRU_48k,Diagnosis,Load_3HP_Sev_0.014,TABNET (TL),0.7833333333333332,0.7833234303822539,0.9491666666666667
4_Estrategia_C_com_B,CWRU_48k,Diagnosis,Load_3HP_Sev_0.021,MLP (TL),0.8166666666666668,0.8137185811604416,0.96625
4_Estrategia_C_com_B,CWRU_48k,Diagnosis,Load_3HP_Sev_0.021,TABNET (TL),0.5333333333333333,0.4497737556561086,0.7362500000000001
