Variant,Model,Source Datasets,Target Dataset,Test Condition,N Features,N Train Target,N Test,ACC,Bal Acc,Macro F1,ROC-AUC,Status,Error,Seed
raw,MLP,CWRU_12k|MFPT,CWRU_48k,Load_0HP_Sev_0.007,141,572,30,0.6666666666666666,0.6666666666666666,0.5555555555555555,0.9008333333333333,OK,,42
raw,TABNET,CWRU_12k|MFPT,CWRU_48k,Load_0HP_Sev_0.007,141,572,30,0.7333333333333333,0.7333333333333334,0.7157287157287157,0.8766666666666668,OK,,42
raw,MLP,CWRU_12k|MFPT,CWRU_48k,Load_0HP_Sev_0.014,141,582,20,0.4,0.4,0.19047619047619047,0.0,OK,,42
raw,TABNET,CWRU_12k|MFPT,CWRU_48k,Load_0HP_Sev_0.014,141,582,20,0.4,0.4,0.26666666666666666,0.0,OK,,42
raw,MLP,CWRU_12k|MFPT,CWRU_48k,Load_0HP_Sev_0.021,141,584,18,1.0,1.0,1.0,1.0,OK,,42
raw,TABNET,CWRU_12k|MFPT,CWRU_48k,Load_0HP_Sev_0.021,141,584,18,0.8888888888888888,0.8333333333333334,0.8585858585858586,1.0,OK,,42
raw,MLP,CWRU_12k|MFPT,CWRU_48k,Load_1HP_Sev_0.007,141,542,60,0.8833333333333333,0.8833333333333333,0.8796475392220072,1.0,OK,,42
raw,TABNET,CWRU_12k|MFPT,CWRU_48k,Load_1HP_Sev_0.007,141,542,60,0.9333333333333333,0.9333333333333332,0.9326599326599326,0.9816666666666668,OK,,42
raw,MLP,CWRU_12k|MFPT,CWRU_48k,Load_1HP_Sev_0.014,141,548,54,0.9629629629629629,0.9666666666666667,0.960233918128655,0.9990196078431373,OK,,42
raw,TABNET,CWRU_12k|MFPT,CWRU_48k,Load_1HP_Sev_0.014,141,548,54,0.8703703703703703,0.8833333333333333,0.86596279537456,0.9800070028011204,OK,,42
raw,MLP,CWRU_12k|MFPT,CWRU_48k,Load_1HP_Sev_0.021,141,542,60,1.0,1.0,1.0,1.0,OK,,42
raw,TABNET,CWRU_12k|MFPT,CWRU_48k,Load_1HP_Sev_0.021,141,542,60,0.9666666666666667,0.9666666666666667,0.9661959777492511,1.0,OK,,42
raw,MLP,CWRU_12k|MFPT,CWRU_48k,Load_2HP_Sev_0.007,141,542,60,1.0,1.0,1.0,1.0,OK,,42
raw,TABNET,CWRU_12k|MFPT,CWRU_48k,Load_2HP_Sev_0.007,141,542,60,1.0,1.0,1.0,1.0,OK,,42
raw,MLP,CWRU_12k|MFPT,CWRU_48k,Load_2HP_Sev_0.014,141,542,60,0.9166666666666666,0.9166666666666666,0.9175466163838258,0.9795833333333333,OK,,42
raw,TABNET,CWRU_12k|MFPT,CWRU_48k,Load_2HP_Sev_0.014,141,542,60,0.9333333333333333,0.9333333333333332,0.9323725981620719,0.9766666666666666,OK,,42
raw,MLP,CWRU_12k|MFPT,CWRU_48k,Load_2HP_Sev_0.021,141,542,60,1.0,1.0,1.0,1.0,OK,,42
raw,TABNET,CWRU_12k|MFPT,CWRU_48k,Load_2HP_Sev_0.021,141,542,60,0.9833333333333333,0.9833333333333334,0.9833229101521784,0.9816666666666666,OK,,42
raw,MLP,CWRU_12k|MFPT,CWRU_48k,Load_3HP_Sev_0.007,141,542,60,0.8333333333333334,0.8333333333333334,0.8195343177921575,1.0,OK,,42
raw,TABNET,CWRU_12k|MFPT,CWRU_48k,Load_3HP_Sev_0.007,141,542,60,1.0,1.0,1.0,1.0,OK,,42
raw,MLP,CWRU_12k|MFPT,CWRU_48k,Load_3HP_Sev_0.014,141,542,60,0.8333333333333334,0.8333333333333334,0.8324561403508772,0.9458333333333333,OK,,42
raw,TABNET,CWRU_12k|MFPT,CWRU_48k,Load_3HP_Sev_0.014,141,542,60,0.65,0.65,0.5912446864046536,0.8733333333333334,OK,,42
raw,MLP,CWRU_12k|MFPT,CWRU_48k,Load_3HP_Sev_0.021,141,542,60,0.8166666666666667,0.8166666666666668,0.8108747044917258,0.9704166666666666,OK,,42
raw,TABNET,CWRU_12k|MFPT,CWRU_48k,Load_3HP_Sev_0.021,141,542,60,0.9,0.9,0.8968253968253969,0.9916666666666667,OK,,42
detrended,MLP,CWRU_12k|MFPT,CWRU_48k,Load_0HP_Sev_0.007,141,572,30,0.6,0.6,0.49350649350649345,0.9266666666666667,OK,,42
detrended,TABNET,CWRU_12k|MFPT,CWRU_48k,Load_0HP_Sev_0.007,141,572,30,0.43333333333333335,0.43333333333333335,0.333870101986044,0.7216666666666667,OK,,42
detrended,MLP,CWRU_12k|MFPT,CWRU_48k,Load_0HP_Sev_0.014,141,582,20,0.8,0.8,0.7916666666666667,0.0,OK,,42
detrended,TABNET,CWRU_12k|MFPT,CWRU_48k,Load_0HP_Sev_0.014,141,582,20,0.8,0.8,0.562962962962963,0.0,OK,,42
detrended,MLP,CWRU_12k|MFPT,CWRU_48k,Load_0HP_Sev_0.021,141,584,18,0.9444444444444444,0.9166666666666666,0.9365079365079364,1.0,OK,,42
detrended,TABNET,CWRU_12k|MFPT,CWRU_48k,Load_0HP_Sev_0.021,141,584,18,0.8333333333333334,0.85,0.8330827067669172,0.9738095238095239,OK,,42
detrended,MLP,CWRU_12k|MFPT,CWRU_48k,Load_1HP_Sev_0.007,141,542,60,0.9833333333333333,0.9833333333333334,0.9833229101521784,1.0,OK,,42
detrended,TABNET,CWRU_12k|MFPT,CWRU_48k,Load_1HP_Sev_0.007,141,542,60,0.8333333333333334,0.8333333333333334,0.8195343177921575,0.9520833333333334,OK,,42
detrended,MLP,CWRU_12k|MFPT,CWRU_48k,Load_1HP_Sev_0.014,141,548,54,0.8333333333333334,0.8142857142857144,0.8258098524055971,0.9684873949579832,OK,,42
detrended,TABNET,CWRU_12k|MFPT,CWRU_48k,Load_1HP_Sev_0.014,141,548,54,0.7592592592592593,0.7404761904761905,0.7498575498575498,0.8822829131652661,OK,,42
detrended,MLP,CWRU_12k|MFPT,CWRU_48k,Load_1HP_Sev_0.021,141,542,60,1.0,1.0,1.0,1.0,OK,,42
detrended,TABNET,CWRU_12k|MFPT,CWRU_48k,Load_1HP_Sev_0.021,141,542,60,1.0,1.0,1.0,1.0,OK,,42
detrended,MLP,CWRU_12k|MFPT,CWRU_48k,Load_2HP_Sev_0.007,141,542,60,0.9833333333333333,0.9833333333333334,0.9833229101521784,0.9991666666666666,OK,,42
detrended,TABNET,CWRU_12k|MFPT,CWRU_48k,Load_2HP_Sev_0.007,141,542,60,0.9333333333333333,0.9333333333333332,0.9331094582012575,0.9987499999999999,OK,,42
detrended,MLP,CWRU_12k|MFPT,CWRU_48k,Load_2HP_Sev_0.014,141,542,60,0.95,0.9500000000000001,0.9495622263914947,0.9879166666666667,OK,,42
detrended,TABNET,CWRU_12k|MFPT,CWRU_48k,Load_2HP_Sev_0.014,141,542,60,0.8,0.7999999999999999,0.7986866791744841,0.9262499999999999,OK,,42
detrended,MLP,CWRU_12k|MFPT,CWRU_48k,Load_2HP_Sev_0.021,141,542,60,1.0,1.0,1.0,1.0,OK,,42
detrended,TABNET,CWRU_12k|MFPT,CWRU_48k,Load_2HP_Sev_0.021,141,542,60,1.0,1.0,1.0,1.0,OK,,42
detrended,MLP,CWRU_12k|MFPT,CWRU_48k,Load_3HP_Sev_0.007,141,542,60,0.85,0.85,0.8420013166556947,1.0,OK,,42
detrended,TABNET,CWRU_12k|MFPT,CWRU_48k,Load_3HP_Sev_0.007,141,542,60,0.9333333333333333,0.9333333333333332,0.933249791144528,0.9958333333333332,OK,,42
detrended,MLP,CWRU_12k|MFPT,CWRU_48k,Load_3HP_Sev_0.014,141,542,60,0.9666666666666667,0.9666666666666667,0.9665831244778612,0.9499999999999998,OK,,42
detrended,TABNET,CWRU_12k|MFPT,CWRU_48k,Load_3HP_Sev_0.014,141,542,60,0.8666666666666667,0.8666666666666667,0.8686350021394951,0.9308333333333335,OK,,42
detrended,MLP,CWRU_12k|MFPT,CWRU_48k,Load_3HP_Sev_0.021,141,542,60,1.0,1.0,1.0,1.0,OK,,42
detrended,TABNET,CWRU_12k|MFPT,CWRU_48k,Load_3HP_Sev_0.021,141,542,60,0.9166666666666666,0.9166666666666666,0.9153439153439153,1.0,OK,,42
raw_rms,MLP,CWRU_12k|MFPT,CWRU_48k,Load_0HP_Sev_0.007,141,572,30,0.6666666666666666,0.6666666666666666,0.5555555555555555,0.9383333333333334,OK,,42
raw_rms,TABNET,CWRU_12k|MFPT,CWRU_48k,Load_0HP_Sev_0.007,141,572,30,0.8333333333333334,0.8333333333333334,0.8222222222222223,0.8933333333333334,OK,,42
raw_rms,MLP,CWRU_12k|MFPT,CWRU_48k,Load_0HP_Sev_0.014,141,582,20,0.5,0.5,0.3333333333333333,0.0,OK,,42
raw_rms,TABNET,CWRU_12k|MFPT,CWRU_48k,Load_0HP_Sev_0.014,141,582,20,0.4,0.4,0.2962962962962963,0.0,OK,,42
raw_rms,MLP,CWRU_12k|MFPT,CWRU_48k,Load_0HP_Sev_0.021,141,584,18,1.0,1.0,1.0,1.0,OK,,42
raw_rms,TABNET,CWRU_12k|MFPT,CWRU_48k,Load_0HP_Sev_0.021,141,584,18,0.8888888888888888,0.8333333333333334,0.8222222222222223,1.0,OK,,42
raw_rms,MLP,CWRU_12k|MFPT,CWRU_48k,Load_1HP_Sev_0.007,141,542,60,1.0,1.0,1.0,1.0,OK,,42
raw_rms,TABNET,CWRU_12k|MFPT,CWRU_48k,Load_1HP_Sev_0.007,141,542,60,1.0,1.0,1.0,1.0,OK,,42
raw_rms,MLP,CWRU_12k|MFPT,CWRU_48k,Load_1HP_Sev_0.014,141,548,54,0.9444444444444444,0.9500000000000001,0.9407149084568439,0.9990196078431373,OK,,42
raw_rms,TABNET,CWRU_12k|MFPT,CWRU_48k,Load_1HP_Sev_0.014,141,548,54,0.9074074074074074,0.9023809523809524,0.9102949102949104,1.0,OK,,42
raw_rms,MLP,CWRU_12k|MFPT,CWRU_48k,Load_1HP_Sev_0.021,141,542,60,1.0,1.0,1.0,1.0,OK,,42
raw_rms,TABNET,CWRU_12k|MFPT,CWRU_48k,Load_1HP_Sev_0.021,141,542,60,1.0,1.0,1.0,1.0,OK,,42
raw_rms,MLP,CWRU_12k|MFPT,CWRU_48k,Load_2HP_Sev_0.007,141,542,60,1.0,1.0,1.0,1.0,OK,,42
raw_rms,TABNET,CWRU_12k|MFPT,CWRU_48k,Load_2HP_Sev_0.007,141,542,60,1.0,1.0,1.0,1.0,OK,,42
raw_rms,MLP,CWRU_12k|MFPT,CWRU_48k,Load_2HP_Sev_0.014,141,542,60,0.8666666666666667,0.8666666666666666,0.866538789428815,0.9745833333333334,OK,,42
raw_rms,TABNET,CWRU_12k|MFPT,CWRU_48k,Load_2HP_Sev_0.014,141,542,60,0.95,0.9500000000000001,0.9499687304565354,0.9733333333333333,OK,,42
raw_rms,MLP,CWRU_12k|MFPT,CWRU_48k,Load_2HP_Sev_0.021,141,542,60,1.0,1.0,1.0,1.0,OK,,42
raw_rms,TABNET,CWRU_12k|MFPT,CWRU_48k,Load_2HP_Sev_0.021,141,542,60,0.9833333333333333,0.9833333333333334,0.9833229101521784,0.975,OK,,42
raw_rms,MLP,CWRU_12k|MFPT,CWRU_48k,Load_3HP_Sev_0.007,141,542,60,0.8333333333333334,0.8333333333333334,0.8222222222222223,1.0,OK,,42
raw_rms,TABNET,CWRU_12k|MFPT,CWRU_48k,Load_3HP_Sev_0.007,141,542,60,1.0,1.0,1.0,1.0,OK,,42
raw_rms,MLP,CWRU_12k|MFPT,CWRU_48k,Load_3HP_Sev_0.014,141,542,60,0.8833333333333333,0.8833333333333333,0.8823560402507771,0.9475000000000001,OK,,42
raw_rms,TABNET,CWRU_12k|MFPT,CWRU_48k,Load_3HP_Sev_0.014,141,542,60,0.9333333333333333,0.9333333333333332,0.9335593007563632,0.9445833333333332,OK,,42
raw_rms,MLP,CWRU_12k|MFPT,CWRU_48k,Load_3HP_Sev_0.021,141,542,60,1.0,1.0,1.0,1.0,OK,,42
raw_rms,TABNET,CWRU_12k|MFPT,CWRU_48k,Load_3HP_Sev_0.021,141,542,60,0.8,0.7999999999999999,0.7969108814697049,0.94375,OK,,42
detrended_rms,MLP,CWRU_12k|MFPT,CWRU_48k,Load_0HP_Sev_0.007,141,572,30,0.6666666666666666,0.6666666666666666,0.5555555555555555,0.9216666666666667,OK,,42
detrended_rms,TABNET,CWRU_12k|MFPT,CWRU_48k,Load_0HP_Sev_0.007,141,572,30,0.4666666666666667,0.4666666666666666,0.36752136752136755,0.8300000000000001,OK,,42
detrended_rms,MLP,CWRU_12k|MFPT,CWRU_48k,Load_0HP_Sev_0.014,141,582,20,1.0,1.0,1.0,0.0,OK,,42
detrended_rms,TABNET,CWRU_12k|MFPT,CWRU_48k,Load_0HP_Sev_0.014,141,582,20,0.9,0.9,0.898989898989899,0.0,OK,,42
detrended_rms,MLP,CWRU_12k|MFPT,CWRU_48k,Load_0HP_Sev_0.021,141,584,18,1.0,1.0,1.0,1.0,OK,,42
detrended_rms,TABNET,CWRU_12k|MFPT,CWRU_48k,Load_0HP_Sev_0.021,141,584,18,1.0,1.0,1.0,1.0,OK,,42
detrended_rms,MLP,CWRU_12k|MFPT,CWRU_48k,Load_1HP_Sev_0.007,141,542,60,1.0,1.0,1.0,1.0,OK,,42
detrended_rms,TABNET,CWRU_12k|MFPT,CWRU_48k,Load_1HP_Sev_0.007,141,542,60,0.8833333333333333,0.8833333333333333,0.8763828763828764,1.0,OK,,42
detrended_rms,MLP,CWRU_12k|MFPT,CWRU_48k,Load_1HP_Sev_0.014,141,548,54,0.8333333333333334,0.807142857142857,0.818447634237108,0.9941176470588236,OK,,42
detrended_rms,TABNET,CWRU_12k|MFPT,CWRU_48k,Load_1HP_Sev_0.014,141,548,54,0.7777777777777778,0.7999999999999999,0.7833333333333333,0.9627450980392157,OK,,42
detrended_rms,MLP,CWRU_12k|MFPT,CWRU_48k,Load_1HP_Sev_0.021,141,542,60,1.0,1.0,1.0,1.0,OK,,42
detrended_rms,TABNET,CWRU_12k|MFPT,CWRU_48k,Load_1HP_Sev_0.021,141,542,60,1.0,1.0,1.0,1.0,OK,,42
detrended_rms,MLP,CWRU_12k|MFPT,CWRU_48k,Load_2HP_Sev_0.007,141,542,60,1.0,1.0,1.0,1.0,OK,,42
detrended_rms,TABNET,CWRU_12k|MFPT,CWRU_48k,Load_2HP_Sev_0.007,141,542,60,1.0,1.0,1.0,1.0,OK,,42
detrended_rms,MLP,CWRU_12k|MFPT,CWRU_48k,Load_2HP_Sev_0.014,141,542,60,0.8833333333333333,0.8833333333333333,0.8796296296296297,0.9733333333333333,OK,,42
detrended_rms,TABNET,CWRU_12k|MFPT,CWRU_48k,Load_2HP_Sev_0.014,141,542,60,0.95,0.9499999999999998,0.9503960808838857,0.9925,OK,,42
detrended_rms,MLP,CWRU_12k|MFPT,CWRU_48k,Load_2HP_Sev_0.021,141,542,60,1.0,1.0,1.0,1.0,OK,,42
detrended_rms,TABNET,CWRU_12k|MFPT,CWRU_48k,Load_2HP_Sev_0.021,141,542,60,0.9666666666666667,0.9666666666666667,0.9665831244778613,0.9920833333333334,OK,,42
detrended_rms,MLP,CWRU_12k|MFPT,CWRU_48k,Load_3HP_Sev_0.007,141,542,60,0.8333333333333334,0.8333333333333334,0.8222222222222223,0.9366666666666666,OK,,42
detrended_rms,TABNET,CWRU_12k|MFPT,CWRU_48k,Load_3HP_Sev_0.007,141,542,60,1.0,1.0,1.0,1.0,OK,,42
detrended_rms,MLP,CWRU_12k|MFPT,CWRU_48k,Load_3HP_Sev_0.014,141,542,60,0.9666666666666667,0.9666666666666667,0.9665831244778612,0.9499999999999998,OK,,42
detrended_rms,TABNET,CWRU_12k|MFPT,CWRU_48k,Load_3HP_Sev_0.014,141,542,60,0.95,0.9499999999999998,0.9495622263914947,0.9633333333333333,OK,,42
detrended_rms,MLP,CWRU_12k|MFPT,CWRU_48k,Load_3HP_Sev_0.021,141,542,60,1.0,1.0,1.0,1.0,OK,,42
detrended_rms,TABNET,CWRU_12k|MFPT,CWRU_48k,Load_3HP_Sev_0.021,141,542,60,0.9,0.9,0.8976982097186701,0.9929166666666666,OK,,42
